Key	Id	ChapterId	Order	SealId	Coordinate	Character	Variant	Song	Star	Point	IsChance	Brand	Image1Url	Image2Url
	77			M1-001	スプリングブロッサム	ひまり		P.O.P.P.Y	4	720		ポッピンハート		
	78			M1-003	バタフライマジックブルー	みつき		シークレット・ドリーム	4	690		スカーレットバタフライ		
	79			M1-004	フラワーチュールスカーレット	サクラ		レッツ！アイプリ（サクラ）	3	540		ポッピンハート		
	80			M1-005	スターメロディマジカル	ひまり		P.O.P.P.Y	3	570		ミラクルムーン		
	81			M1-006	ハニービービビッドピンク	ひまり		P.O.P.P.Y	3	500		ミラクルムーン		
	82			M1-007	ラブリーアイドルホワイトブルー	みつき		シークレット・ドリーム	2	400		ポッピンハート		
	83			M1-008	クールアイドルパープルブラック	サクラ		レッツ！アイプリ（サクラ）	2	450		スカーレットバタフライ		
	9200001	1	0.1	AP1-001P	ポッピンハートバズリウム	ひまり	パラレル	P.O.P.P.Y	4	740		ポッピンハート	Cards/AP1-001P-1.jpg	Cards/AP1-001P-2.jpg
	9200002	1	0.2	AP1-002P	ミラクルムーンバズリウム	みつき	パラレル	シークレット・ドリーム	4	740		ミラクルムーン	Cards/AP1-002P-1.jpg	Cards/AP1-002P-2.jpg
	9200003	1	0.3	AP1-003P	スカーレットバタフライバズリウム	サクラ	パラレル	レッツ！アイプリ（サクラ）	4	750		スカーレットバタフライ	Cards/AP1-003P-1.jpg	Cards/AP1-003P-2.jpg
	9200004	1	0.4	AP1-004P	キューティーラビット	ひまり	パラレル	P.O.P.P.Y	4	730		ポッピンハート	Cards/AP1-004P-1.jpg	Cards/AP1-004P-2.jpg
	9200005	millefeui	1.5	M1-002	スプリングブルーバタフライ	みつき		シークレット・ドリーム	4	720		ミラクルムーン	Cards/M1-002.jpg	
	9200006	2	0.1	AP2-001P	フラワーマーチバズリウム	つむぎ	パラレル	ヒカリノコトバ	4	780		フラワーマーチ	Cards/AP2-001P-1.jpg	Cards/AP2-001P-2.jpg
	9200007	2	0.2	AP2-002P	ロゼッションバズリウム	タマキ	パラレル	Stand Get Up	4	790		ロゼッション	Cards/AP2-002P-1.jpg	Cards/AP2-002P-2.jpg
	9200008	2	0.3	AP2-005P	ローズグランプリ	サクラ	パラレル	Stand Get Up	4	800		スカーレットバタフライ	Cards/AP2-005P-1.jpg	Cards/AP2-005P-2.jpg
	9200009	2	0.4	AP2-009P	マジシャンキャット	みつき	パラレル	シークレット・ドリーム	4	730		ミラクルムーン	Cards/AP2-009P-1.jpg	Cards/AP2-009P-2.jpg
	9200010	millefeui	8.5	M2-002	わんわんロリータ	つむぎ		ヒカリノコトバ	4	740		フラワーマーチ	Cards/TOY-032_O.webp	
	9200011	3	0.1	AP3-001P	シークレットフレンズ∞バズリウムピンク	ひまり	パラレル	We're The World	4	840		ポッピンハート	Cards/AP3-001P_O.jpg	Cards/AP3-001P_U.jpg
	9200012	3	0.2	AP3-002P	シークレットフレンズ∞バズリウムブルー	みつき	パラレル	We're The World	4	840		ミラクルムーン	Cards/AP3-002P_O.jpg	Cards/AP3-002P_U.jpg
	9200013	3	0.3	AP3-003P	シークレットフレンズ∞バズリウムイエロー	つむぎ	パラレル	We're The World	4	840		フラワーマーチ	Cards/AP3-003P_O.jpg	Cards/AP3-003P_U.jpg
	9200014	3	0.4	AP3-018P	ハッピーバースデー！ひまり	ひまり	パラレル	ハピハピハッピー☆マイバースデー（ひまり）	4	777		ポッピンハート	Cards/AP3-018P_O.jpg	Cards/AP3-018P_U.jpg
	9200015	4	0.1	AP4-001P	カルテットスターバズリウムハート	サクラ	パラレル	Perfect☆STARs	4	890		スカーレットバタフライ	Cards/AP4-001P_O.jpg	Cards/AP4-001P_U.jpg
	9200016	4	0.2	AP4-002P	カルテットスターバズリウムスペード	タマキ	パラレル	Perfect☆STARs	4	890		ロゼッション	Cards/AP4-002P_O.jpg	Cards/AP4-002P_U.jpg
	9200017	4	0.3	AP4-003P	カルテットスターバズリウムダイヤ	アイリ	パラレル	Perfect☆STARs	4	890		レインボーキャンディ	Cards/AP4-003P_O.jpg	Cards/AP4-003P_U.jpg
	9200018	4	0.4	AP4-004P	カルテットスターバズリウムクラブ	リンリン	パラレル	Perfect☆STARs	4	890		ベアベアベア	Cards/AP4-004P_O.jpg	Cards/AP4-004P_U.jpg
	9200019	4	0.5	AP4-005P	ラブマイミュージックバズリウム	チィ	パラレル	GIRA GIRA STAR	4	880		ラブマイミュージック	Cards/AP4-005P_O.jpg	Cards/AP4-005P_U.jpg
	9200020	gumi	5	G2-005	ゴシックベアブルー	チィ		GIRA GIRA STAR	4	840	TRUE	ロゼッション	Cards/G2-005_O.jpg	
	9200021	5	0.1	AP5-001P	フラワーマーチプリンセスバズリウム	つむぎ（プリンセスver.）	パラレル	きらめきのうた	4	999		フラワーマーチ	Cards/AP5-001P_O.jpg	Cards/AP5-001P_U.jpg
	9200022	5	0.2	AP5-004P	オーロラスノーグランプリ	つむぎ（プリンセスver.）	パラレル	ヒカリノコトバ	4	950		フラワーマーチ	Cards/AP5-004P_O.jpg	Cards/AP5-004P_U.jpg
	9200023	5	0.4	AP5-013P	ぴょんぴょんうさぎ	ひまり	パラレル	パステルステップデイズ	4	900		ポッピンハート	Cards/AP5-013P_O.jpg	Cards/AP5-013P_U.jpg
	9200024	5	0.3	AP5-012P	スペシャルクリスマスホワイト	みつき	パラレル	シークレット・ドリーム	4	910		ミラクルムーン	Cards/AP5-012P_O.jpg	Cards/AP5-012P_U.jpg
	9200025	5	0.5	AP5-020P	ハッピーバースデー！つむぎ	つむぎ	パラレル	ハピハピハッピー☆マイバースデー（つむぎ）	4	888		フラワーマーチ	Cards/AP5-020P_O.jpg	Cards/AP5-020P_U.jpg
	9200034	6	0.1	AP6-002P	ダークカルテットスターバズリウムブルー	ダークタマキ	パラレル	ニュースタージョーカー	4	999		ロゼッション	Cards/AP6-002P_O.jpg	Cards/AP6-002P_U.jpg
	9200035	6	0.2	AP6-003P	ダークカルテットスターバズリウムグリーン	ダークアイリ	パラレル	ニュースタージョーカー	4	999		レインボーキャンディ	Cards/AP6-003P_O.jpg	Cards/AP6-003P_U.jpg
	9200036	6	0.3	AP6-014P	バレンタインレターイエロー	つむぎ	パラレル	We're The World	4	930		フラワーマーチ	Cards/AP6-014P_O.jpg	Cards/AP6-014P_U.jpg
	9200037	6	0.4	AP6-021P	ハッピーバースデー！サクラ	サクラ	パラレル	ハピハピハッピー☆マイバースデー（サクラ）	4	888		スカーレットバタフライ	Cards/AP6-021P_O.jpg	Cards/AP6-021P_U.jpg
	9200038	6	0.5	AP6-056P	プリンセスアイプリバズリウム	ひまり	パラレル	きらめきのうた（ひまり・みつき・つむぎ）	4	1000		プリンセスリング	Cards/AP6-056P_O.png	Cards/AP6-056P_U.png
	9200039	6	0.6	AP6-057P	プリンセスアイプリバズリウム	みつき	パラレル	きらめきのうた（ひまり・みつき・つむぎ）	4	1000		プリンセスリング	Cards/AP6-057P_O.png	Cards/AP6-057P_U.png
	9200040	gumi		G3-005	ギフトリボンゴールド	つむぎ（プリンセスver.）			4		TRUE			
	9200041	ring1	0.1	APR1-001P	ジュエルバズリウムルビー	ひまり	パラレル	キズナ×リンク	4	1050		ポッピンハート	Cards/APR1-001P_O.jpg	Cards/APR1-001P_U.jpg
	9200042	ring1	0.1	APR1-002P	ジュエルバズリウムサファイア	みつき	パラレル	キズナ×リンク	4	1050		ミラクルムーン	Cards/APR1-002P_O.jpg	Cards/APR1-002P_U.jpg
	9200043	ring1	0.1	APR1-003P	ジュエルバズリウムダイヤ	じゅりあ	パラレル	ときめきグラビティ	4	1050		キューティーカラット	Cards/APR1-003P_O.jpg	Cards/APR1-003P_U.jpg
	9200044	ring1	0.1	APR1-004P	ジュエルバズリウムアクアマリン	える	パラレル	わたしの大切にしてたこと	4	1050		キューティーカラット	Cards/APR1-004P_O.jpg	Cards/APR1-004P_U.jpg
	9200045	ring1	0.1	APR1-006P	フレンドスターグランプリブルー	みつき	パラレル	キズナ×リンク	4	1030		ミラクルムーン	Cards/APR1-006P_O.jpg	Cards/APR1-006P_U.jpg
	9200046	ring2	0.2	APR2-003P	スペースバズリウムギャラクシー	すばる	パラレル	Piece Of Dream	4	1100		フューチャースクール	Cards/APR2-003P_O.jpg	Cards/APR2-003P_U.jpg
	9200047	ring2	0.3	APR2-004P	スペースバズリウムプラネット	おとめ	パラレル	ココロ・アストロノーツ	4	1100		フューチャースクール	Cards/APR2-004P_O.jpg	Cards/APR2-004P_U.jpg
	9200048	ring2	0.1	APR2-002P	スペースバズリウムスターズブルー	みつき	パラレル	ぴかぴかマイストーリー	4	1100		ミラクルムーン	Cards/APR2-002P_O.jpg	Cards/APR2-002P_U.jpg
	9200049	ring2	0.4	APR2-008P	エターナルジュエルラブジュリエル	える	パラレル	ときめきグラビティ	4	1100		キューティーカラット	Cards/APR2-008P_O.jpg	Cards/APR2-008P_U.jpg
	9200050	ring2	0.5	APR2-013P	プリうさおでかけ	ひまり	パラレル	キズナ×リンク	4	1050		ポッピンハート	Cards/APR2-013P_O.jpg	Cards/APR2-013P_U.jpg
	9200051	gumi		G4-004	インフルブルームあじさいホワイト	える			4		TRUE			
	9200052	ring3	0.1	APR3-003P	アニマルバズリウムプードルイエロー	つむぎ	パラレル	We're The World	4	1150		フラワーマーチ	Cards/APR3-003P_O.jpg	Cards/APR3-003P_U.jpg
	9200053	ring3	0.2	APR3-004P	アニマルバズリウムパンサー	チィ	パラレル	わいるど☆すたー（ビビ・チィ）	4	1150		ラブマイミュージック	Cards/APR3-004P_O.jpg	Cards/APR3-004P_U.jpg
	9200054	ring3	0.3	APR3-005P	アニマルバズリウムタイガー	ビビ	パラレル	わいるど☆すたー（ビビ）	4	1150		ラブマイミュージック	Cards/APR3-005P_O.jpg	Cards/APR3-005P_U.jpg
	9200055	ring3	0.4	APR3-006P	エターナルスペースジャンピンロケットクール	すばる	パラレル	Piece Of Dream	4	1150		フューチャースクール	Cards/APR3-006P_O.jpg	Cards/APR3-006P_U.jpg
	9200056	ring3	0.5	APR3-008P	ウィッシュメロディグランプリ	チィ	パラレル	GIRA GIRA STAR	4	1130		ラブマイミュージック	Cards/APR3-008P_O.jpg	Cards/APR3-008P_U.jpg
	9200057	ring3	0.6	APR3-011P	おとぎばなしアラビアンナイトピンク	ひまり	パラレル	ひみつのふ・ふ・ふ・	4	1080		クリスタルバース	Cards/APR3-011P_O.jpg	Cards/APR3-011P_U.jpg
	9200058	ring4	0.1	APR4-001P	フラワーバズリウムコスモスピンク	ひまり	パラレル	ミラクル☆ツインスマイル	4	1200		ポッピンハート	Cards/APR4-001P_O.jpg	Cards/APR4-001P_U.jpg
	9200059	ring4	0.2	APR4-003P	フラワーバズリウムクローバー	つむぎ（プリンセスver.）	パラレル	ミライのプリンセス（つむぎ・リング）	4	1200		フラワーマーチ	Cards/APR4-003P_O.jpg	Cards/APR4-003P_U.jpg
	9200060	ring4	0.3	APR4-004P	フラワーバズリウムカンパニュラ	リング	パラレル	ミライのプリンセス（リング）	4	1200		プリンセスリング	Cards/APR4-004P_O.jpg	Cards/APR4-004P_U.jpg
	9200061	ring4	0.4	APR4-006P	エターナルアニマルビビアンチィ	ビビ	パラレル	わいるど☆すたー（ビビ・チィ）	4	1200		ラブマイミュージック	Cards/APR4-006P_O.jpg	Cards/APR4-006P_U.jpg
	9200062	ring4	0.5	APR4-012P	カラフルシャインパープル	リング	パラレル	ミライのプリンセス（つむぎ・リング）	4	1160		プリンセスリング	Cards/APR4-012P_O.jpg	Cards/APR4-012P_U.jpg
	9200063	ring4	0.6	APR4-017P	フラワーガーデン	つむぎ	パラレル	We're The World	4	1140		フラワーマーチ	Cards/APR4-017P_O.jpg	Cards/APR4-017P_U.jpg
	9200064	gumi		G5-004	ほしぞらのまほうつかいブラック	ビビ			4		TRUE			
	9200065	ring5	0.1	APR5-002P	メロディバズリウムハーモニーブルー	みつき	パラレル	ミラクル☆ツインスマイル	4	1250		ミラクルムーン	Cards/APR5-002P_O.webp	Cards/APR5-002P_U.webp
	9200066	ring5	0.2	APR5-003P	メロディバズリウムアンサンブルレッド	サクラ	パラレル	ニュースタージョーカー（リング編）	4	1250		スカーレットバタフライ	Cards/APR5-003P_O.jpg	Cards/APR5-003P_U.webp
	9200067	ring5	0.3	APR5-004P	メロディバズリウムアンサンブルブルー	タマキ	パラレル	レジェンド・ストーリー!!!!	4	1250		ロゼッション	Cards/APR5-004P_O.webp	Cards/APR5-004P_U.webp
	9200068	ring5	0.4	APR5-005P	メロディバズリウムアンサンブルグリーン	アイリ	パラレル	ニュースタージョーカー（リング編）	4	1250		レインボーキャンディ	Cards/APR5-005P_O.webp	Cards/APR5-005P_U.webp
	9200069	ring5	0.5	APR5-006P	メロディバズリウムアンサンブルオレンジ	リンリン	パラレル	Perfect☆STARs	4	1250		ベアベアベア	Cards/APR5-006P_O.webp	Cards/APR5-006P_U.webp
	9200070	ring5	0.6	APR5-008P	エターナルフラワールミナスフローラ	リング		ミライのプリンセス（つむぎ・リング）	4	1250		プリンセスリング	Cards/APR5-008P_O.webp	Cards/APR5-008P_U.webp
	9200071	gumi			ゆきうさぎケープミルキーピンク	つむぎ			4		TRUE			
	9200072	ring6	0.1	APR6-006P	エターナルメロディカルテットスター	サクラ	パラレル	レジェンド・ストーリー!!!!	4	1270		スカーレットバタフライ	Cards/APR6-006P_O.jpg	Cards/APR6-006P_U.jpg
	9200073	ring6	0.2	APR6-010P	エターナルジュエルラブジュリエル	じゅりあ	パラレル	ときめきグラビティ	4	1270		キューティーカラット	Cards/APR6-010P_O.jpg	Cards/APR6-010P_U.jpg
	9200074	ring6	0.3	APR6-013P	エターナルスぺースジャンピンロケットラブリー	おとめ	パラレル	どきどき きらめき バズリウム	4	1270		フューチャースクール	Cards/APR6-013P_O.jpg	Cards/APR6-013P_U.jpg
	9200075	ring6	0.4	APR6-014P	エターナルアニマルビビアンチィ	チィ	パラレル	わいるど☆すたー（ビビ・チィ）	4	1270		ラブマイミュージック	Cards/APR6-014P_O.jpg	Cards/APR6-014P_U.jpg
	9200076	ring6	0.5	APR6-018P	ゆうきのブロッサムツイン　つむぎ	つむぎ（プリンセスver.）	パラレル	ミライのプリンセス（つむぎ・リング）	4	1280		フラワーマーチ	Cards/APR6-018P_O.jpg	Cards/APR6-018P_U.jpg
	9201001	oa1	0.1	OA1-001P	すきすきハートバズリウム	いのり	パラレル	トキメキ♡ジャンプ！	4					
	9201002	oa1	0.2	OA1-003P	ゆめゆめスターバズリウム	あおい	パラレル	夢色ビリーバー	4					
	9201003	oa1	0.3	OA1-005P	ゆうじょうスイーツバズリウム	ぐみ	パラレル	フレフレベストフレンズ	4					
	9201004	oa1	0.4	OA1-013P	ふわふわキャット	いのり	パラレル	トキメキ♡ジャンプ！（いのり・あおい）	4					
	9201005	oa1	0.5	OA1-015P	ほしのゆうびんやさん	あおい	パラレル	夢色ビリーバー	4					
	9201006	oa1	0.6	OA1-020P	ゆうじょうさくらツイン すきすきピンク	いのり	パラレル	おねがいアイプリ！	4					
	9201007	gumi		OG1-004	リボンバレリーナしんかいネイビー	あおい			4		TRUE			
	9201008	oa2	0.1	OA2-001P	ゆうきのフラワーバズリウム	おりびあ	パラレル	勇気のはばたきサイン	4					
	9201009	oa2	0.2	OA2-005P	ビリーブマーチブルー	あおい	パラレル	夢色ビリーバー（あおい・ぐみ）	4					
	9201010	oa2	0.3	OA2-007P	シールぺったんチアグリーン	ぐみ	パラレル	フレフレベストフレンズ（ぐみ・おりびあ）	4					
	9201011	oa2	0.4	OA2-009P	キャンディポップ	ぐみ	パラレル	フレフレベストフレンズ	4					
	9201012	oa2	0.5	OA2-013P	ゆめかわレインボー	あおい	パラレル	夢色ビリーバー（あおい・ぐみ）	4					
	9201013	oa2	0.6	OA2-022P	ハッピーバースデー！ピンク	いのり	パラレル	ハピハピハッピー☆マイバースデー おねがいバージョン	4					
SealId				AP1-001	ポッピンハートバズリウム	ひまり		P.O.P.P.Y	4	740		ポッピンハート		
SealId				AP1-002	ミラクルムーンバズリウム	みつき		シークレット・ドリーム	4	740		ミラクルムーン		
SealId				AP1-003	スカーレットバタフライバズリウム	サクラ		レッツ！アイプリ（サクラ）	4	750		スカーレットバタフライ		
SealId				AP1-004	キューティーラビット	ひまり		P.O.P.P.Y	4	730		ポッピンハート		
SealId				AP1-005	キューティーラビットブルー	みつき		シークレット・ドリーム	4	700		ポッピンハート		
SealId				AP1-006	ドーナツパティシエール	ひまり		ぜんりょくじょしりょくかくめい！	4	720		ポッピンハート		
SealId				AP1-007	ドーナツパティシエール	みつき		みつきのひみつマイソング♪	4	710		ポッピンハート		
SealId				AP1-008	ぷるるんゼリーソーダ	みつき		ぜんりょくじょしりょくかくめい！	4	720		ミラクルムーン		
SealId				AP1-009	ぷるるんゼリーソーダ	ひまり		レッツ！アイプリ（ひまり）	4	710		ミラクルムーン		
SealId				AP1-010	リッチベリータルト	サクラ		ぜんりょくじょしりょくかくめい！	4	720		スカーレットバタフライ		
SealId				AP1-011	リッチベリータルト	サクラ		レッツ！アイプリ（サクラ）	4	720		スカーレットバタフライ		
SealId				AP1-012	ウェルカムチェリー	ひまり		P.O.P.P.Y	4	730		ポッピンハート		
SealId				AP1-013	ウェルカムチェリーブルー	みつき		レッツ！アイプリ（みつき）	4	700		ポッピンハート		
SealId				AP1-014	きらきらくらげブルー	みつき		シークレット・ドリーム	4	730		ミラクルムーン		
SealId				AP1-015	きらきらくらげピンク	ひまり		ひまりのひみつマイソング♪	4	700		ミラクルムーン		
SealId				AP1-016	バタフライマジック	サクラ		レッツ！アイプリ（サクラ）	4	730		スカーレットバタフライ		
SealId				AP1-017	バタフライマジッククリムゾン	サクラ		ぜんりょくじょしりょくかくめい！	4	730		スカーレットバタフライ		
SealId				AP1-018	アイプリバースポッピンハート	ひまり		P.O.P.P.Y	3	550	TRUE	ポッピンハート		
SealId				AP1-019	アイプリバースポッピンハートグリーン	ひまり		ぜんりょくじょしりょくかくめい！	3	540	TRUE	ポッピンハート		
SealId				AP1-020	アイプリバースミラクルムーン	みつき		シークレット・ドリーム	3	550	TRUE	ミラクルムーン		
SealId				AP1-021	アイプリバースミラクルムーンオレンジ	みつき		ぜんりょくじょしりょくかくめい！	3	540	TRUE	ミラクルムーン		
SealId				AP1-022	アイプリバーススカーレットバタフライ	サクラ		ぜんりょくじょしりょくかくめい！	3	560	TRUE	スカーレットバタフライ		
SealId				AP1-023	アイプリバーススカーレットバタフライ	サクラ		レッツ！アイプリ（サクラ）	3	560	TRUE	スカーレットバタフライ		
SealId				AP1-024	フラワーチュール	ひまり		P.O.P.P.Y	3	600	TRUE	ポッピンハート		
SealId				AP1-025	フラワーチュール	みつき		みつきのひみつマイソング♪	3	510	TRUE	ポッピンハート		
SealId				AP1-026	フラワーチュールミント	みつき		ぜんりょくじょしりょくかくめい！	3	590	TRUE	ポッピンハート		
SealId				AP1-027	フラワーチュールミント	ひまり		レッツ！アイプリ（ひまり）	3	510	TRUE	ポッピンハート		
SealId				AP1-028	ゴージャスビジュー	サクラ		ぜんりょくじょしりょくかくめい！	3	600	TRUE	スカーレットバタフライ		
SealId				AP1-029	ゴージャスビジュー	サクラ		レッツ！アイプリ（サクラ）	3	600	TRUE	スカーレットバタフライ		
SealId				AP1-030	ハニービー	みつき		ぜんりょくじょしりょくかくめい！	3	580	TRUE	ミラクルムーン		
SealId				AP1-031	ハニービー	ひまり		ひまりのひみつマイソング♪	3	520	TRUE	ミラクルムーン		
SealId				AP1-032	スターメロディ	みつき		シークレット・ドリーム	3	530	TRUE	ミラクルムーン		
SealId				AP1-033	スターメロディ	ひまり		ひまりのひみつマイソング♪	3	500	TRUE	ミラクルムーン		
SealId				AP1-034	ハートメロディ	ひまり		ぜんりょくじょしりょくかくめい！	3	530	TRUE	ポッピンハート		
SealId				AP1-035	ハートメロディ	みつき		レッツ！アイプリ（みつき）	3	500	TRUE	ポッピンハート		
SealId				AP1-036	スターパーティー	ひまり		レッツ！アイプリ（ひまり）	3	570	TRUE	ポッピンハート		
SealId				AP1-037	スターパーティーいちごチョコ	みつき		シークレット・ドリーム	3	520	TRUE	ポッピンハート		
SealId				AP1-038	パラダイスがくえんせいふく１ねん	ひまり		ぜんりょくじょしりょくかくめい！	2	450	TRUE	プリズムストーン		
SealId				AP1-039	パラダイスがくえんせいふく１ねん	みつき		ぜんりょくじょしりょくかくめい！	2	450	TRUE	プリズムストーン		
SealId				AP1-040	パラダイスがくえんせいふく２ねん	サクラ		ぜんりょくじょしりょくかくめい！	2	470	TRUE	プリズムストーン		
SealId				AP1-041	ラブリーアイドルピンク	ひまり		P.O.P.P.Y	2	470	TRUE	ポッピンハート		
SealId				AP1-042	ラブリーアイドルピンク	ひまり		ひまりのひみつマイソング♪	2	470	TRUE	ポッピンハート		
SealId				AP1-043	ラブリーアイドルブルー	みつき		ぜんりょくじょしりょくかくめい！	2	430	TRUE	ミラクルムーン		
SealId				AP1-044	ラブリーアイドルブルー	みつき		レッツ！アイプリ（みつき）	2	430	TRUE	ミラクルムーン		
SealId				AP1-045	クールアイドルピンク	ひまり		ぜんりょくじょしりょくかくめい！	2	430	TRUE	ポッピンハート		
SealId				AP1-046	クールアイドルピンク	ひまり		レッツ！アイプリ（ひまり）	2	430	TRUE	ポッピンハート		
SealId				AP1-047	クールアイドルブルー	みつき		シークレット・ドリーム	2	470	TRUE	ミラクルムーン		
SealId				AP1-048	クールアイドルブルー	みつき		ひまりのひみつマイソング♪	2	470	TRUE	ミラクルムーン		
SealId				AP1-049	クールアイドルレッド	サクラ		レッツ！アイプリ（サクラ）	2	500	TRUE	スカーレットバタフライ		
SealId				AP1-050	ハッピーチアピンク	ひまり		P.O.P.P.Y	2	400	TRUE	ポッピンハート		
SealId				AP1-051	ハッピーチアピンク	ひまり		ひまりのひみつマイソング♪	2	420	TRUE	ポッピンハート		
SealId				AP1-052	ハッピーチアブルー	みつき		ぜんりょくじょしりょくかくめい！	2	480	TRUE	ミラクルムーン		
SealId				AP1-053	ハッピーチアブルー	みつき		レッツ！アイプリ（みつき）	2	490	TRUE	ミラクルムーン		
SealId				AP1-054	セーラーカジュアルピンク	ひまり		ぜんりょくじょしりょくかくめい！	2	480	TRUE	ポッピンハート		
SealId				AP1-055	セーラーカジュアルピンク	ひまり		レッツ！アイプリ（ひまり）	2	490	TRUE	ポッピンハート		
SealId				AP1-056	セーラーカジュアルブルー	みつき		シークレット・ドリーム	2	400	TRUE	ミラクルムーン		
SealId				AP1-057	セーラーカジュアルブルー	みつき		みつきのひみつマイソング♪	2	420	TRUE	ミラクルムーン		
SealId				AP2-001	フラワーマーチバズリウム	つむぎ		ヒカリノコトバ	4	780		フラワーマーチ		
SealId				AP2-002	ロゼッションバズリウム	タマキ		Stand Get Up	4	790		ロゼッション		
SealId				AP2-003	ポッピンハートバズリウム	ひまり		ムテキDUOエナジー	4	760		ポッピンハート		
SealId				AP2-004	スカーレットバタフライバズリウム	サクラ		Stand Get Up	4	780		スカーレットバタフライ		
SealId				AP2-005	ローズグランプリ	サクラ		Stand Get Up	4	800		スカーレットバタフライ		
SealId				AP2-006	ローズグランプリ	タマキ		Stand Get Up	4	800		ロゼッション		
SealId				AP2-007	フレッシュレモンピンク	ひまり		ムテキDUOエナジー	4	770		ポッピンハート		
SealId				AP2-008	フレッシュレモンブルー	みつき		ムテキDUOエナジー	4	770		ミラクルムーン		
SealId				AP2-009	マジシャンキャット	みつき		シークレット・ドリーム	4	730		ミラクルムーン		
SealId				AP2-010	マジシャンキャット	ひまり		P.O.P.P.Y	4	730		ミラクルムーン		
SealId				AP2-011	フラワーメモリー	つむぎ		ヒカリノコトバ	4	740		フラワーマーチ		
SealId				AP2-012	フラワーメモリーパープル	つむぎ		レッツ！アイプリ（つむぎ）	4	750		フラワーマーチ		
SealId				AP2-013	エレガントジュエルブルー	タマキ		Stand Get Up	4	740		ロゼッション		
SealId				AP2-014	エレガントジュエルレッド	サクラ		Stand Get Up	4	740		スカーレットバタフライ		
SealId				AP2-015	リトルフェアリー	つむぎ		ぜんりょくじょしりょくかくめい！	4	760		フラワーマーチ		
SealId				AP2-016	リトルフェアリー	ひまり		レッツ！アイプリ（ひまり）	4	720		フラワーマーチ		
SealId				AP2-017	チェックメイト	サクラ		Stand Get Up	4	750		スカーレットバタフライ		
SealId				AP2-018	チェックメイト	タマキ		タマキのひみつマイソング♪	4	740		スカーレットバタフライ		
SealId				AP2-019	ロマンスシャンデリア	タマキ		ぜんりょくじょしりょくかくめい！	4	760		ロゼッション		
SealId				AP2-020	ロマンスシャンデリア	みつき		レッツ！アイプリ（みつき）	4	750		ロゼッション		
SealId				AP2-021	アイプリバースフラワーマーチ	つむぎ		ヒカリノコトバ	3	600	TRUE	フラワーマーチ		
SealId				AP2-022	アイプリバースロゼッション	タマキ		Stand Get Up	3	600	TRUE	ロゼッション		
SealId				AP2-023	アイプリバースポッピンハート	ひまり		ひまりのひみつマイソング♪	3	600	TRUE	ポッピンハート		
SealId				AP2-024	アイプリバースミラクルムーン	みつき		みつきのひみつマイソング♪	3	600	TRUE	ミラクルムーン		
SealId				AP2-025	アイプリバーススカーレットバタフライ	サクラ		サクラのひみつマイソング♪	3	600	TRUE	スカーレットバタフライ		
SealId				AP2-026	ひまわりサマー	ひまり		ムテキDUOエナジー	3	690	TRUE	ポッピンハート		
SealId				AP2-027	ひまわりサマー	みつき		ぜんりょくじょしりょくかくめい！	3	660	TRUE	ポッピンハート		
SealId				AP2-028	ぽんぽんすずらん	つむぎ		ヒカリノコトバ	3	620	TRUE	フラワーマーチ		
SealId				AP2-029	ぽんぽんすずらん	ひまり		P.O.P.P.Y	3	590	TRUE	フラワーマーチ		
SealId				AP2-030	ローズプリンス	タマキ		レッツ！アイプリ（タマキ）	3	640	TRUE	ロゼッション		
SealId				AP2-031	ローズプリンス	サクラ		Stand Get Up	3	610	TRUE	ロゼッション		
SealId				AP2-032	ミルキーウェイ	みつき		ムテキDUOエナジー	3	630	TRUE	ミラクルムーン		
SealId				AP2-033	ミルキーウェイ	つむぎ		レッツ！アイプリ（つむぎ）	3	620	TRUE	ミラクルムーン		
SealId				AP2-034	ことりメルヘン	つむぎ		ぜんりょくじょしりょくかくめい！	3	590	TRUE	フラワーマーチ		
SealId				AP2-035	ことりメルヘン	ひまり		ムテキDUOエナジー	3	560	TRUE	フラワーマーチ		
SealId				AP2-036	クローバーメロディ	つむぎ		レッツ！アイプリ（つむぎ）	3	530	TRUE	フラワーマーチ		
SealId				AP2-037	ひらめきたんてい	タマキ		Stand Get Up	3	680	TRUE	ロゼッション		
SealId				AP2-038	ひらめきたんてい	ひまり		ひまりのひみつマイソング♪	3	650	TRUE	ロゼッション		
SealId				AP2-039	Ｐまるさま。コーデ	ひまり		ぜんりょくじょしりょくかくめい！	3	600		プリズムストーン		
SealId				AP2-040	Ｐまるさま。コーデ	みつき		ぜんりょくじょしりょくかくめい！	3	600		プリズムストーン		
SealId				AP2-041	はつねミクコーデ	ひまり		P.O.P.P.Y	3	600		プリズムストーン		
SealId				AP2-042	はつねミクコーデ	みつき		シークレット・ドリーム	3	600		プリズムストーン		
SealId				AP2-043	パラダイスがくえんせいふく２ねん	タマキ		ぜんりょくじょしりょくかくめい！	2	510	TRUE	プリズムストーン		
SealId				AP2-044	パラダイスがくえんせいふく１ねん	ひまり		レッツ！アイプリ（ひまり）	2	500	TRUE	プリズムストーン		
SealId				AP2-045	パラダイスがくえんせいふく１ねん	みつき		レッツ！アイプリ（みつき）	2	500	TRUE	プリズムストーン		
SealId				AP2-046	パラダイスがくえんせいふく２ねん	サクラ		レッツ！アイプリ（サクラ）	2	510	TRUE	プリズムストーン		
SealId				AP2-047	ラブリーアイドルイエロー	つむぎ		ヒカリノコトバ	2	500	TRUE	フラワーマーチ		
SealId				AP2-048	ラブリーアイドルネイビー	タマキ		Stand Get Up	2	530	TRUE	ロゼッション		
SealId				AP2-049	クールアイドルレッド	サクラ		Stand Get Up	2	550	TRUE	スカーレットバタフライ		
SealId				AP2-050	ハッピーチアイエロー	つむぎ		レッツ！アイプリ（つむぎ）	2	490	TRUE	フラワーマーチ		
SealId				AP2-051	セーラーカジュアルネイビー	タマキ		レッツ！アイプリ（タマキ）	2	540	TRUE	ロゼッション		
SealId				AP2-052	チューリップピンク	ひまり		レッツ！アイプリ（ひまり）	2	450	TRUE	ポッピンハート		
SealId				AP2-053	チューリップブルー	みつき		レッツ！アイプリ（みつき）	2	450	TRUE	ミラクルムーン		
SealId				AP2-054	チューリップイエロー	つむぎ		レッツ！アイプリ（つむぎ）	2	460	TRUE	フラワーマーチ		
SealId				AP2-055	チューリップレッド	サクラ		サクラのひみつマイソング♪	2	470	TRUE	スカーレットバタフライ		
SealId				AP2-056	チューリップネイビー	タマキ		タマキのひみつマイソング♪	2	470	TRUE	ロゼッション		
SealId				AP2-057	ラブリーアイドルピンク	ひまり		ムテキDUOエナジー	2	500	TRUE	ポッピンハート		
SealId				AP2-058	ラブリーアイドルブルー	みつき		ムテキDUOエナジー	2	500	TRUE	ミラクルムーン		
SealId				AP3-001	シークレットフレンズ∞バズリウムピンク	ひまり		We're The World	4	840		ポッピンハート		
SealId				AP3-002	シークレットフレンズ∞バズリウムブルー	みつき		We're The World	4	840		ミラクルムーン		
SealId				AP3-003	シークレットフレンズ∞バズリウムイエロー	つむぎ		We're The World	4	840		フラワーマーチ		
SealId				AP3-004	レインボーキャンディバズリウム	アイリ		ネバギバラバー	4	830		レインボーキャンディ		
SealId				AP3-005	ベアベアベアバズリウム	リンリン		ネバギバラバー	4	830		ベアベアベア		
SealId				AP3-006	マーメイドグランプリピンク	ひまり		We're The World	4	850		ポッピンハート		
SealId				AP3-007	マーメイドグランプリブルー	みつき		We're The World	4	850		ミラクルムーン		
SealId				AP3-008	マーメイドグランプリイエロー	つむぎ		We're The World	4	850		フラワーマーチ		
SealId				AP3-009	カワイイあめちゃん	アイリ		ネバギバラバー	4	780		レインボーキャンディ		
SealId				AP3-010	カワイイくまさん	リンリン		ネバギバラバー	4	780		ベアベアベア		
SealId				AP3-011	かれいなるきんぎょ	サクラ		Stand Get Up	4	820		スカーレットバタフライ		
SealId				AP3-012	かれいなるきんぎょ	タマキ		Stand Get Up	4	800		スカーレットバタフライ		
SealId				AP3-013	カラフルキャンディ	アイリ		アイリのひみつマイソング♪	4	810		レインボーキャンディ		
SealId				AP3-014	カラフルキャンディ	ひまり		P.O.P.P.Y	4	790		レインボーキャンディ		
SealId				AP3-015	おやすみメリー	リンリン		リンリンのひみつマイソング♪	4	800		ベアベアベア		
SealId				AP3-016	おやすみメリー	つむぎ		ヒカリノコトバ	4	790		ベアベアベア		
SealId				AP3-017	きらきらくらげブルー	みつき		ムテキDUOエナジー	4	780		ミラクルムーン		
SealId				AP3-018	ハッピーバースデー！ひまり	ひまり		ハピハピハッピー☆マイバースデー（ひまり）	4	777		ポッピンハート		
SealId				AP3-019	ハッピーバースデー！みつき	みつき		ハピハピハッピー☆マイバースデー（みつき）	4	777		ミラクルムーン		
SealId				AP3-020	ハッピーバースデー！リンリン	リンリン		ハピハピハッピー☆マイバースデー（リンリン）	4	777		ベアベアベア		
SealId				AP3-021	アイプリバースレインボーキャンディ	アイリ		ぜんりょくじょしりょくかくめい！	3	660	TRUE	レインボーキャンディ		
SealId				AP3-022	アイプリバースベアベアベア	リンリン		ぜんりょくじょしりょくかくめい！	3	660	TRUE	ベアベアベア		
SealId				AP3-023	アイプリバースポッピンハート	ひまり		ムテキDUOエナジー	3	650	TRUE	ポッピンハート		
SealId				AP3-024	アイプリバースミラクルムーン	みつき		レッツ！アイプリ（みつき）	3	650	TRUE	ミラクルムーン		
SealId				AP3-025	アイプリバースフラワーマーチ	つむぎ		ぜんりょくじょしりょくかくめい！	3	650	TRUE	フラワーマーチ		
SealId				AP3-026	さわやかマリン	みつき		We're The World	3	720	TRUE	ミラクルムーン		
SealId				AP3-027	さわやかマリン	ひまり		We're The World	3	690	TRUE	ミラクルムーン		
SealId				AP3-028	さわやかマリン	つむぎ		We're The World	3	690	TRUE	ミラクルムーン		
SealId				AP3-029	トロピカルサマー	アイリ		ネバギバラバー	3	740	TRUE	レインボーキャンディ		
SealId				AP3-030	トロピカルサマー	リンリン		ネバギバラバー	3	720	TRUE	レインボーキャンディ		
SealId				AP3-031	レディーフライト	タマキ		Stand Get Up	3	750	TRUE	ロゼッション		
SealId				AP3-032	レディーフライト	サクラ		サクラのひみつマイソング♪	3	730	TRUE	ロゼッション		
SealId				AP3-033	アイスクリーム	アイリ		レッツ！アイプリ（アイリ）	3	680	TRUE	レインボーキャンディ		
SealId				AP3-034	アイスクリーム	みつき		みつきのひみつマイソング♪	3	670	TRUE	レインボーキャンディ		
SealId				AP3-035	ティーパーティー	リンリン		レッツ！アイプリ（リンリン）	3	740	TRUE	ベアベアベア		
SealId				AP3-036	ティーパーティーネイビー	タマキ		タマキのひみつマイソング♪	3	710	TRUE	ベアベアベア		
SealId				AP3-037	スターメロディレッド	サクラ		Stand Get Up	3	640	TRUE	スカーレットバタフライ		
SealId				AP3-038	ハートメロディネイビー	タマキ		Stand Get Up	3	640	TRUE	ロゼッション		
SealId				AP3-039	リトルツインスターズ パーティーピンク	ひまり		We're The World	3	700		ポッピンハート		
SealId				AP3-040	リトルツインスターズ パーティーブルー	みつき		ムテキDUOエナジー	3	700		ミラクルムーン		
SealId				AP3-041	ポムポムプリン パーティー	つむぎ		We're The World	3	700		フラワーマーチ		
SealId				AP3-042	ハローキティ パーティー	サクラ		Stand Get Up	3	700		スカーレットバタフライ		
SealId				AP3-043	シナモロール パーティー	タマキ		Stand Get Up	3	700		ロゼッション		
SealId				AP3-044	ポチャッコ パーティー	アイリ		ネバギバラバー	3	700		レインボーキャンディ		
SealId				AP3-045	マイメロディ パーティー	リンリン		ネバギバラバー	3	700		ベアベアベア		
SealId				AP3-046	パラダイスがくえんなつふく１ねん	ひまり		ぜんりょくじょしりょくかくめい！	2	550	TRUE	プリズムストーン		
SealId				AP3-047	パラダイスがくえんなつふく１ねん	みつき		ぜんりょくじょしりょくかくめい！	2	550	TRUE	プリズムストーン		
SealId				AP3-048	パラダイスがくえんなつふく２ねん	サクラ		ぜんりょくじょしりょくかくめい！	2	560	TRUE	プリズムストーン		
SealId				AP3-049	パラダイスがくえんなつふく２ねん	タマキ		ぜんりょくじょしりょくかくめい！	2	560	TRUE	プリズムストーン		
SealId				AP3-050	パラダイスがくえんなつふく２ねん	アイリ		ぜんりょくじょしりょくかくめい！	2	560	TRUE	プリズムストーン		
SealId				AP3-051	パラダイスがくえんなつふく２ねん	リンリン		ぜんりょくじょしりょくかくめい！	2	560	TRUE	プリズムストーン		
SealId				AP3-052	ラブリーアイドルレッド	サクラ		レッツ！アイプリ（サクラ）	2	600	TRUE	スカーレットバタフライ		
SealId				AP3-053	ラブリーアイドルオレンジ	リンリン		リンリンのひみつマイソング♪	2	570	TRUE	ベアベアベア		
SealId				AP3-054	ラブリーアイドルピンク	みつき		シークレット・ドリーム	2	530	TRUE	ポッピンハート		
SealId				AP3-055	クールアイドルイエロー	つむぎ		レッツ！アイプリ（つむぎ）	2	610	TRUE	フラワーマーチ		
SealId				AP3-056	クールアイドルネイビー	タマキ		レッツ！アイプリ（タマキ）	2	580	TRUE	ロゼッション		
SealId				AP3-057	クールアイドルグリーン	アイリ		ネバギバラバー	2	620	TRUE	レインボーキャンディ		
SealId				AP3-058	クールアイドルブルー	ひまり		レッツ！アイプリ（ひまり）	2	530	TRUE	ミラクルムーン		
SealId				AP3-059	ハッピーチアグリーン	アイリ		アイリのひみつマイソング♪	2	570	TRUE	レインボーキャンディ		
SealId				AP3-060	ハッピーチアピンク	みつき		ムテキDUOエナジー	2	530	TRUE	ポッピンハート		
SealId				AP3-061	セーラーカジュアルオレンジ	リンリン		ネバギバラバー	2	530	TRUE	ベアベアベア		
SealId				AP3-062	セーラーカジュアルブルー	ひまり		ひまりのひみつマイソング♪	2	620	TRUE	ミラクルムーン		
SealId				AP4-001	カルテットスターバズリウムハート	サクラ		Perfect☆STARs	4	890		スカーレットバタフライ		
SealId				AP4-002	カルテットスターバズリウムスペード	タマキ		Perfect☆STARs	4	890		ロゼッション		
SealId				AP4-003	カルテットスターバズリウムダイヤ	アイリ		Perfect☆STARs	4	890		レインボーキャンディ		
SealId				AP4-004	カルテットスターバズリウムクラブ	リンリン		Perfect☆STARs	4	890		ベアベアベア		
SealId				AP4-005	ラブマイミュージックバズリウム	チィ		GIRA GIRA STAR	4	880		ラブマイミュージック		
SealId				AP4-006	フェザーグランプリクールレッド	サクラ		Perfect☆STARs	4	900		スカーレットバタフライ		
SealId				AP4-007	フェザーグランプリクールブルー	タマキ		Stand Get Up	4	900		ロゼッション		
SealId				AP4-008	フェザーグランプリラブリーグリーン	アイリ		Perfect☆STARs	4	900		レインボーキャンディ		
SealId				AP4-009	フェザーグランプリラブリーオレンジ	リンリン		ネバギバラバー	4	900		ベアベアベア		
SealId				AP4-010	ミラクルハロウィンピンク	ひまり		We're The World	4	830		ポッピンハート		
SealId				AP4-011	ミラクルハロウィンブルー	みつき		We're The World	4	830		ミラクルムーン		
SealId				AP4-012	ミラクルハロウィンイエロー	つむぎ		We're The World	4	830		フラワーマーチ		
SealId				AP4-013	ゴーストハロウィン	サクラ		Perfect☆STARs	4	820		スカーレットバタフライ		
SealId				AP4-014	ゴーストハロウィン	タマキ		Stand Get Up	4	820		ロゼッション		
SealId				AP4-015	こあくまロック	チィ		GIRA GIRA STAR	4	850		ラブマイミュージック		
SealId				AP4-016	おとぎばなしシンデレラ	みつき		シークレット・ドリーム	4	860		クリスタルバース		
SealId				AP4-017	おとぎばなししらゆきひめ	つむぎ		ヒカリノコトバ	4	860		クリスタルバース		
SealId				AP4-018	おとぎばなしあかずきん	ひまり		P.O.P.P.Y	4	860		クリスタルバース		
SealId				AP4-019	ハッピーバースデー！アイリ	アイリ		ハピハピハッピー☆マイバースデー（アイリ）	4	777		レインボーキャンディ		
SealId				AP4-020	ハッピーバースデー！チィ	チィ		ハピハピハッピー☆マイバースデー（チィ）	4	777		ラブマイミュージック		
SealId				AP4-021	アイプリバースラブマイミュージック	チィ		GIRA GIRA STAR	3	700	TRUE	ラブマイミュージック		
SealId				AP4-022	アイプリバースポッピンハート	ひまり		レッツ！アイプリ（ひまり）	3	700	TRUE	ポッピンハート		
SealId				AP4-023	アイプリバースミラクルムーン	みつき		レッツ！アイプリ（みつき）	3	700	TRUE	ミラクルムーン		
SealId				AP4-024	アイプリバースフラワーマーチ	つむぎ		We're The World	3	700	TRUE	フラワーマーチ		
SealId				AP4-025	アイプリバーススカーレットバタフライ	サクラ		Perfect☆STARs	3	700	TRUE	スカーレットバタフライ		
SealId				AP4-026	アイプリバースロゼッション	タマキ		タマキのひみつマイソング♪	3	700	TRUE	フラワーマーチ		
SealId				AP4-027	ふわもこかいじゅう	アイリ		ネバギバラバー	3	710	TRUE	レインボーキャンディ		
SealId				AP4-028	ふわもこかいじゅう	リンリン		リンリンのひみつマイソング♪	3	700	TRUE	ベアベアベア		
SealId				AP4-029	いたずらモンスター	チィ		レッツ！アイプリ（チィ）	3	690	TRUE	ラブマイミュージック		
SealId				AP4-030	いたずらモンスター	ひまり		P.O.P.P.Y	3	670	TRUE	ラブマイミュージック		
SealId				AP4-031	パンキッシュペンギン	チィ		チィのひみつマイソング♪	3	770	TRUE	ラブマイミュージック		
SealId				AP4-032	パンキッシュペンギン	みつき		みつきのひみつマイソング♪	3	760	TRUE	ラブマイミュージック		
SealId				AP4-033	おえかきパレット	ひまり		We're The World	3	720	TRUE	ポッピンハート		
SealId				AP4-034	おえかきパレット	みつき		We're The World	3	710	TRUE	ポッピンハート		
SealId				AP4-035	おえかきパレット	つむぎ		We're The World	3	710	TRUE	ポッピンハート		
SealId				AP4-036	スターカウガール	みつき		ムテキDUOエナジー	3	750	TRUE	ミラクルムーン		
SealId				AP4-037	スターカウガール	ひまり		ひまりのひみつマイソング♪	3	740	TRUE	ミラクルムーン		
SealId				AP4-038	ハーバリウム	つむぎ		ヒカリノコトバ	3	770	TRUE	フラワーマーチ		
SealId				AP4-039	クラシックライブラリー	タマキ		Perfect☆STARs	3	730	TRUE	ロゼッション		
SealId				AP4-040	クラシックライブラリー	サクラ		レッツ！アイプリ（サクラ）	3	730	TRUE	ロゼッション		
SealId				AP4-041	クラシックライブラリー	アイリ		Perfect☆STARs	3	730	TRUE	ロゼッション		
SealId				AP4-042	クラシックライブラリー	リンリン		レッツ！アイプリ（リンリン）	3	730	TRUE	ロゼッション		
SealId				AP4-043	ピタTガール	ひまり		オシャレまじょラブandベリー	3	720		ポッピンハート		
SealId				AP4-044	ピチッとクロT	みつき		オシャレまじょラブandベリー	3	720		ミラクルムーン		
SealId				AP4-045	キャンディテーラード	ひまり		オシャレまじょラブandベリー	3	770		ポッピンハート		
SealId				AP4-046	クラシックバイオレット	つむぎ		オシャレまじょラブandベリー	3	770		ミラクルムーン		
SealId				AP4-047	パラダイスがくえんせいふく１ねん	チィ		ぜんりょくじょしりょくかくめい！	2	600	TRUE	プリズムストーン		
SealId				AP4-048	パラダイスがくえんせいふく１ねん	ひまり		We're The World	2	600	TRUE	プリズムストーン		
SealId				AP4-049	パラダイスがくえんせいふく１ねん	みつき		みつきのひみつマイソング♪	2	600	TRUE	プリズムストーン		
SealId				AP4-050	パラダイスがくえんせいふく２ねん	アイリ		ぜんりょくじょしりょくかくめい！	2	620	TRUE	プリズムストーン		
SealId				AP4-051	パラダイスがくえんせいふく２ねん	リンリン		ぜんりょくじょしりょくかくめい！	2	620	TRUE	プリズムストーン		
SealId				AP4-052	ラブリーアイドルグリーン	アイリ		アイリのひみつマイソング♪	2	680	TRUE	レインボーキャンディ		
SealId				AP4-053	ラブリーアイドルピンク	ひまり		ぜんりょくじょしりょくかくめい！	2	590	TRUE	ポッピンハート		
SealId				AP4-054	ラブリーアイドルイエローミント	つむぎ		レッツ！アイプリ（つむぎ）	2	560	TRUE	ポッピンハート		
SealId				AP4-055	ラブリーアイドルイエロー	つむぎ		We're The World	2	580	TRUE	フラワーマーチ		
SealId				AP4-056	ラブリーアイドルネイビー	タマキ		レッツ！アイプリ（タマキ）	2	630	TRUE	ロゼッション		
SealId				AP4-057	クールアイドルオレンジ	リンリン		Perfect☆STARs	2	690	TRUE	ベアベアベア		
SealId				AP4-058	クールアイドルパープル	チィ		レッツ！アイプリ（チィ）	2	670	TRUE	ラブマイミュージック		
SealId				AP4-059	クールアイドルグリーンピンク	つむぎ		レッツ！アイプリ（つむぎ）	2	570	TRUE	ミラクルムーン		
SealId				AP4-060	クールアイドルレッド	サクラ		サクラのひみつマイソング♪	2	650	TRUE	スカーレットバタフライ		
SealId				AP4-061	クールアイドルレッド	アイリ		レッツ！アイプリ（アイリ）	2	640	TRUE	スカーレットバタフライ		
SealId				AP4-062	ハッピーチアパープル	チィ		GIRA GIRA STAR	2	540	TRUE	ラブマイミュージック		
SealId				AP4-063	ハッピーチアパープル	ひまり		We're The World	2	520	TRUE	ラブマイミュージック		
SealId				AP4-064	セーラーカジュアルパープル	チィ		チィのひみつマイソング♪	2	530	TRUE	ラブマイミュージック		
SealId				AP4-065	セーラーカジュアルパープル	みつき		We're The World	2	520	TRUE	ラブマイミュージック		
SealId				AP5-001	フラワーマーチプリンセスバズリウム	つむぎ（プリンセスver.）		きらめきのうた	4	999		フラワーマーチ		
SealId				AP5-002	フラワーマーチプリンセスバズリウム	つむぎ（プリンセスver.）		いっちょくせんだいさくせん！	4	999		フラワーマーチ		
SealId				AP5-003	フラワーマーチバズリウムピュアホワイト	つむぎ（プリンセスver.）		ヒカリノコトバ	4	940		フラワーマーチ		
SealId				AP5-004	オーロラスノーグランプリ	つむぎ（プリンセスver.）		ヒカリノコトバ	4	950		フラワーマーチ		
SealId				AP5-005	かみなりぐも	チィ		GIRA GIRA STAR	4	920		ラブマイミュージック		
SealId				AP5-006	かみなりぐもブラック	チィ		レッツ！アイプリ（チィ）	4	920		ラブマイミュージック		
SealId				AP5-007	スペシャルクリスマスレッド	サクラ		クリスマス・カルテット	4	930		スカーレットバタフライ		
SealId				AP5-008	スペシャルクリスマスレッド	サクラ		Perfect☆STARs	4	910		スカーレットバタフライ		
SealId				AP5-009	スペシャルクリスマスブルー	タマキ		クリスマス・カルテット	4	910		ロゼッション		
SealId				AP5-010	スペシャルクリスマスグリーン	アイリ		クリスマス・カルテット	4	910		レインボーキャンディ		
SealId				AP5-011	スペシャルクリスマスオレンジ	リンリン		クリスマス・カルテット	4	910		ベアベアベア		
SealId				AP5-012	スペシャルクリスマスホワイト	みつき		シークレット・ドリーム	4	910		ミラクルムーン		
SealId				AP5-013	ぴょんぴょんうさぎ	ひまり		パステルステップデイズ	4	900		ポッピンハート		
SealId				AP5-014	おとぎばなしワンダーランド	みつき		ムテキDUOエナジー	4	920		クリスタルバース		
SealId				AP5-015	おしょうがつピンク	ひまり		ムテキDUOエナジー	4	890		ポッピンハート		
SealId				AP5-016	おしょうがつブルー	みつき		いっちょくせんだいさくせん！	4	890		ミラクルムーン		
SealId				AP5-017	おしょうがつイエロー	つむぎ		We're The World	4	890		フラワーマーチ		
SealId				AP5-018	おとぎばなしピーターパン	アイリ		ネバギバラバー	4	930		クリスタルバース		
SealId				AP5-019	フラワーメモリーピュアホワイト	つむぎ（プリンセスver.）		ヒカリノコトバ	4	900		レインボーキャンディ		
SealId				AP5-020	ハッピーバースデー！つむぎ	つむぎ		ハピハピハッピー☆マイバースデー（つむぎ）	4	888		フラワーマーチ		
SealId				AP5-021	ハッピーバースデー！タマキ	タマキ		ハピハピハッピー☆マイバースデー（タマキ）	4	888		ロゼッション		
SealId				AP5-022	アイプリバースフラワーマーチプリンセス	つむぎ（プリンセスver.）		きらめきのうた	3	850	TRUE	フラワーマーチ		
SealId				AP5-023	アイプリバースレインボーキャンディ	アイリ		いっちょくせんだいさくせん！	3	750	TRUE	レインボーキャンディ		
SealId				AP5-024	アイプリバースベアベアベア	リンリン		いっちょくせんだいさくせん！	3	750	TRUE	ベアベアベア		
SealId				AP5-025	アイプリバースラブマイミュージックピンク	チィ		いっちょくせんだいさくせん！	3	780	TRUE	ラブマイミュージック		
SealId				AP5-026	あめぽつぽつ	みつき		We're The World	3	770	TRUE	ミラクルムーン		
SealId				AP5-027	あめぽつぽつ	ひまり		パステルステップデイズ	3	770	TRUE	ミラクルムーン		
SealId				AP5-028	あめぽつぽつ	つむぎ		つむぎのひみつマイソング♪	3	770	TRUE	ミラクルムーン		
SealId				AP5-029	たいようさんさん	サクラ		Perfect☆STARs	3	830	TRUE	スカーレットバタフライ		
SealId				AP5-030	たいようさんさん	タマキ		Stand Get Up	3	830	TRUE	スカーレットバタフライ		
SealId				AP5-031	フラワーチュールあおぞらブルー	ひまり		パステルステップデイズ	3	830	TRUE	ポッピンハート		
SealId				AP5-032	ゴージャスビジューモスグリーン	サクラ		Stand Get Up	3	740	TRUE	スカーレットバタフライ		
SealId				AP5-033	レディーフライトネイビー	タマキ		Stand Get Up	3	850	TRUE	ロゼッション		
SealId				AP5-034	レディーフライトネイビー	リンリン		レッツ！アイプリ（リンリン）	3	730	TRUE	ロゼッション		
SealId				AP5-035	たんけんか	アイリ		ネバギバラバー	3	840	TRUE	レインボーキャンディ		
SealId				AP5-036	たんけんか	チィ		チィのひみつマイソング♪	3	820	TRUE	レインボーキャンディ		
SealId				AP5-037	うらないし	リンリン		ネバギバラバー	3	840	TRUE	ベアベアベア		
SealId				AP5-038	うらないし	タマキ		レッツ！アイプリ（タマキ）	3	770	TRUE	ベアベアベア		
SealId				AP5-039	ステンドグラスクッキー	みつき		いっちょくせんだいさくせん！	3	760	TRUE	ミラクルムーン		
SealId				AP5-040	アイプリバースフラワーマーチプリンセス	つむぎ（プリンセスver.）		いっちょくせんだいさくせん！	3	850	TRUE	フラワーマーチ		
SealId				AP5-041	アイプリバースポッピンハート	ひまり		いっちょくせんだいさくせん！	3	810	TRUE	ポッピンハート		
SealId				AP5-042	アイプリバースミラクルムーン	みつき		いっちょくせんだいさくせん！	3	810	TRUE	ミラクルムーン		
SealId				AP5-043	【おしのこ】 アイ コーデ	ひまり		ムテキDUOエナジー	3	750		プリズムストーン		
SealId				AP5-044	【おしのこ】 アイ コーデ	みつき		ムテキDUOエナジー	3	750		プリズムストーン		
SealId				AP5-045	パラダイスがくえんせいふく１ねん	ひまり		いっちょくせんだいさくせん！	2	660	TRUE	プリズムストーン		
SealId				AP5-046	パラダイスがくえんせいふく１ねん	みつき		いっちょくせんだいさくせん！	2	660	TRUE	プリズムストーン		
SealId				AP5-047	ひまりのアイムゥ	ひまり		パステルステップデイズ	2	700	TRUE	ポッピンハート		
SealId				AP5-048	みつきのアイムゥ	みつき		We're The World	2	700	TRUE	ミラクルムーン		
SealId				AP5-049	つむぎのアイムゥ	つむぎ		つむぎのひみつマイソング♪	2	700	TRUE	フラワーマーチ		
SealId				AP5-050	ファンタジースノー	サクラ		Stand Get Up	2	710	TRUE	スカーレットバタフライ		
SealId				AP5-051	ファンタジースノー	タマキ		Perfect☆STARs	2	710	TRUE	スカーレットバタフライ		
SealId				AP5-052	ファンタジースノーナイト	アイリ		ネバギバラバー	2	710	TRUE	スカーレットバタフライ		
SealId				AP5-053	ファンタジースノーナイト	リンリン		Perfect☆STARs	2	710	TRUE	スカーレットバタフライ		
SealId				AP5-054	ファンタジースノーナイト	チィ		GIRA GIRA STAR	2	700	TRUE	スカーレットバタフライ		
SealId				AP5-055	ラブリーアイドルレッド	タマキ		タマキのひみつマイソング♪	2	720	TRUE	スカーレットバタフライ		
SealId				AP5-056	クールアイドルネイビー	サクラ		サクラのひみつマイソング♪	2	730	TRUE	ロゼッション		
SealId				AP5-057	ハッピーチアグリーン	リンリン		Perfect☆STARs	2	690	TRUE	レインボーキャンディ		
SealId				AP5-058	セーラーカジュアルオレンジ	アイリ		ネバギバラバー	2	690	TRUE	ベアベアベア		
SealId				AP5-059	チューリップブルー	ひまり		レッツ！アイプリ（ひまり）	2	670	TRUE	ミラクルムーン		
SealId				AP5-060	チューリップグリーン	つむぎ		つむぎのひみつマイソング♪	2	680	TRUE	レインボーキャンディ		
SealId		6		AP6-001	ダークカルテットスターバズリウムレッド	ダークサクラ		ニュースタージョーカー	4	999		スカーレットバタフライ		
SealId		6		AP6-002	ダークカルテットスターバズリウムブルー	ダークタマキ		ニュースタージョーカー	4	999		ロゼッション		
SealId		6		AP6-003	ダークカルテットスターバズリウムグリーン	ダークアイリ		ニュースタージョーカー	4	999		レインボーキャンディ		
SealId		6		AP6-004	ダークカルテットスターバズリウムオレンジ	ダークリンリン		ニュースタージョーカー	4	999		ベアベアベア		
SealId		6		AP6-005	ダークウィッシュメロディ	ダークチィ		GIRA GIRA STAR（ダークチィ）	4	999		ラブマイミュージック		
SealId		6		AP6-006	ダークウィッシュメロディ	ダークチィ		GIRA GIRA STAR（ダークチィ）	4	999		ラブマイミュージック		
SealId		6		AP6-007	シークレットフレンズ∞バズリウムピュアホワイト	ひまり		We're The World	4	980		ポッピンハート		
SealId		6		AP6-008	シークレットフレンズ∞バズリウムピュアホワイト	みつき		いっちょくせんだいさくせん！	4	980		ミラクルムーン		
SealId		6		AP6-009	シークレットフレンズ∞バズリウムピュアホワイト	つむぎ（プリンセスver.）		きらめきのうた	4	980		フラワーマーチ		
SealId		6		AP6-010	ガーリーピアノ	みつき		ムテキDUOエナジー	4	950		ミラクルムーン		
SealId		6		AP6-011	ガーリーピアノ	ひまり		パステルステップデイズ	4	940		ミラクルムーン		
SealId		6		AP6-012	バレンタインレターピンク	ひまり		ムテキDUOエナジー	4	930		ポッピンハート		
SealId		6		AP6-013	バレンタインレターブルー	みつき		レッツ！アイプリ（ひまり・みつき）	4	930		ミラクルムーン		
SealId		6		AP6-014	バレンタインレターイエロー	つむぎ		We're The World	4	930		フラワーマーチ		
SealId		6		AP6-015	ロマンスルージュ	サクラ		Stand Get Up	4	960		スカーレットバタフライ		
SealId		6		AP6-016	ロマンスルージュ	チィ		チィのひみつマイソング♪	4	940		スカーレットバタフライ		
SealId		6		AP6-017	チェックメイトシルバー	サクラ		Perfect☆STARs	4	920		スカーレットバタフライ		
SealId		6		AP6-018	チェックメイトシルバー	タマキ		Stand Get Up	4	910		スカーレットバタフライ		
SealId		6		AP6-019	カラフルキャンディハッピー	アイリ		Perfect☆STARs	4	910		レインボーキャンディ		
SealId		6		AP6-020	おやすみメリーナイト	リンリン		ネバギバラバー	4	920		ベアベアベア		
SealId		6		AP6-021	ハッピーバースデー！サクラ	サクラ		ハピハピハッピー☆マイバースデー（サクラ）	4	888		スカーレットバタフライ		
SealId		6		AP6-022	アイプリバーススカーレットバタフライダーク	ダークサクラ		ニュースタージョーカー	3	800	TRUE	スカーレットバタフライ		
SealId		6		AP6-023	アイプリバースロゼッションダーク	ダークタマキ		ニュースタージョーカー	3	800	TRUE	ロゼッション		
SealId		6		AP6-024	アイプリバースレインボーキャンディダーク	ダークアイリ		ニュースタージョーカー	3	800	TRUE	レインボーキャンディ		
SealId		6		AP6-025	アイプリバースベアベアベアダーク	ダークリンリン		ニュースタージョーカー	3	800	TRUE	ベアベアベア		
SealId		6		AP6-026	アイプリバースラブマイミュージックダーク	ダークチィ		GIRA GIRA STAR（ダークチィ）	3	810	TRUE	ラブマイミュージック		
SealId		6		AP6-027	アイプリバースポッピンハート	ひまり		パステルステップデイズ	3	760	TRUE	ポッピンハート		
SealId		6		AP6-028	アイプリバースミラクルムーン	みつき		We're The World	3	760	TRUE	ミラクルムーン		
SealId		6		AP6-029	アイプリバースフラワーマーチプリンセス	つむぎ（プリンセスver.）		ヒカリノコトバ	3	880	TRUE	フラワーマーチ		
SealId		6		AP6-030	メロディコーラス	タマキ		Perfect☆STARs	3	880	TRUE	ロゼッション		
SealId		6		AP6-031	メロディコーラス	サクラ		Stand Get Up	3	860	TRUE	ロゼッション		
SealId		6		AP6-032	ポッピンマーチ	アイリ		Perfect☆STARs	3	870	TRUE	レインボーキャンディ		
SealId		6		AP6-033	ポッピンマーチ	ひまり		We're The World	3	850	TRUE	レインボーキャンディ		
SealId		6		AP6-034	クラシックヴァイオリン	リンリン		ネバギバラバー	3	870	TRUE	ベアベアベア		
SealId		6		AP6-035	クラシックヴァイオリン	みつき		ムテキDUOエナジー	3	840	TRUE	ベアベアベア		
SealId		6		AP6-036	スターメロディパープル	チィ		チィのひみつマイソング♪	3	750	TRUE	ラブマイミュージック		
SealId		6		AP6-037	ゆきミクコーデ	ひまり		レッツ！アイプリ（ひまり・みつき）	3	839		プリズムストーン		
SealId		6		AP6-038	ゆきミクコーデ	みつき		ムテキDUOエナジー	3	839		プリズムストーン		
SealId		6		AP6-039	はつねミクコーデ	アイリ		ネバギバラバー	3	839		プリズムストーン		
SealId		6		AP6-040	はつねミクコーデ	リンリン		ネバギバラバー	3	839		プリズムストーン		
SealId		6		AP6-041	パラダイスがくえんせいふく1ねん	ひまり		We're The World	2	700	TRUE	プリズムストーン		
SealId		6		AP6-042	パラダイスがくえんせいふく1ねん	みつき		レッツ！アイプリ（ひまり・みつき）	2	700	TRUE	プリズムストーン		
SealId		6		AP6-043	パラダイスがくえんせいふく1ねん	チィ		いっちょくせんだいさくせん！	2	700	TRUE	プリズムストーン		
SealId		6		AP6-044	ラブリーアイドルフレッシュいちご	アイリ		Perfect☆STARs	2	720	TRUE	ポッピンハート		
SealId		6		AP6-045	ラブリーアイドルフレッシュいちご	リンリン		ネバギバラバー	2	700	TRUE	ポッピンハート		
SealId		6		AP6-046	クールアイドルオレンジブルー	みつき		We're The World	2	690	TRUE	ミラクルムーン		
SealId		6		AP6-047	クールアイドルオレンジブルー	つむぎ		ヒカリノコトバ	2	680	TRUE	ミラクルムーン		
SealId		6		AP6-048	ハッピーチアグレープソーダ	ひまり		P.O.P.P.Y	2	690	TRUE	ポッピンハート		
SealId		6		AP6-049	ハッピーチアグレープソーダ	チィ		いっちょくせんだいさくせん！	2	720	TRUE	ポッピンハート		
SealId		6		AP6-050	セーラーカジュアルエメラルド	みつき		シークレット・ドリーム	2	680	TRUE	ミラクルムーン		
SealId		6		AP6-051	セーラーカジュアルエメラルド	ひまり		いっちょくせんだいさくせん！	2	670	TRUE	ミラクルムーン		
SealId		6		AP6-052	サクラのアイムゥ	サクラ		Perfect☆STARs	2	740	TRUE	スカーレットバタフライ		
SealId		6		AP6-053	タマキのアイムゥ	タマキ		タマキのひみつマイソング♪	2	740	TRUE	ロゼッション		
SealId		6		AP6-054	アイリのアイムゥ	アイリ		レッツ！アイプリ（アイリ）	2	740	TRUE	レインボーキャンディ		
SealId		6		AP6-055	リンリンのアイムゥ	リンリン		Perfect☆STARs	2	740	TRUE	ベアベアベア		
SealId		6		AP6-056	プリンセスアイプリバズリウム	ひまり		きらめきのうた（ひまり・みつき・つむぎ）	4	1000		プリンセスリング		
SealId		6		AP6-057	プリンセスアイプリバズリウム	みつき		きらめきのうた（ひまり・みつき・つむぎ）	4	1000		プリンセスリング		
SealId		6		AP6-058	プリンセスアイプリバズリウム	つむぎ（プリンセスver.）		きらめきのうた（ひまり・みつき・つむぎ）	4	1000		プリンセスリング		
SealId		6		AP6-059	さくらミクコーデ	サクラ		Stand Get Up	3	839		プリズムストーン		
SealId		6		AP6-060	さくらミクコーデ	タマキ		Stand Get Up	3	839		プリズムストーン		
SealId		ring1		APR1-001	ジュエルバズリウムルビー	ひまり		キズナ×リンク	4	1050		ポッピンハート		
SealId		ring1		APR1-002	ジュエルバズリウムサファイア	みつき		キズナ×リンク	4	1050		ミラクルムーン		
SealId		ring1		APR1-003	ジュエルバズリウムダイヤ	じゅりあ		ときめきグラビティ	4	1050		キューティーカラット		
SealId		ring1		APR1-004	ジュエルバズリウムアクアマリン	える		わたしの大切にしてたこと	4	1050		キューティーカラット		
SealId		ring1		APR1-005	フレンドスターグランプリピンク	ひまり		ムテキDUOエナジー	4	1030		ポッピンハート		
SealId		ring1		APR1-006	フレンドスターグランプリブルー	みつき		キズナ×リンク	4	1030		ミラクルムーン		
SealId		ring1		APR1-007	カルテットスターバズリウムハートローズ	サクラ		Perfect☆STARs	4	1020		スカーレットバタフライ		
SealId		ring1		APR1-008	カルテットスターバズリウムスペードスカーレット	タマキ		Stand Get Up	4	1020		ロゼッション		
SealId		ring1		APR1-009	カルテットスターバズリウムダイヤベア	アイリ		Ring Ring Ring feat. ひまり	4	1020		レインボーキャンディ		
SealId		ring1		APR1-010	カルテットスターバズリウムクラブキャンディ	リンリン		ネバギバラバー	4	1020		ベアベアベア		
SealId		ring1		APR1-011	きらきらくらげピュアホワイト	つむぎ（プリンセスver.）		We're The World	4	1010		フラワーマーチ		
SealId		ring1		APR1-012	フィーバーデビル	じゅりあ		超Easy Drive☆	4	1000		キューティーカラット		
SealId		ring1		APR1-013	フィーバーエンジェル	える		ときめきグラビティ	4	1000		キューティーカラット		
SealId		ring1		APR1-014	ベリキューデニム	じゅりあ		ときめきグラビティ	4	960		キューティーカラット		
SealId		ring1		APR1-015	ベリキューデニムラブ	える		Ring Ring Ring feat. ひまり	4	960		キューティーカラット		
SealId		ring1		APR1-016	おとぎばなしアラビアンナイト	つむぎ		Ring Ring Ring feat. ひまり	4	980		クリスタルバース		
SealId		ring1		APR1-017	おとぎばなしアラビアンナイト	チィ		GIRA GIRA STAR	4	980		クリスタルバース		
SealId		ring1		APR1-018	フレッシュレモンピンク	ひまり		キズナ×リンク	4	970		ポッピンハート		
SealId		ring1		APR1-019	フレッシュレモンブルー	みつき		Ring Ring Ring feat. ひまり	4	970		ミラクルムーン		
SealId		ring1		APR1-020	ハッピーバースデー！じゅりあ	じゅりあ		ときめきグラビティ	4	999		キューティーカラット		
SealId		ring1		APR1-021	ハッピーバースデー！える	える		ときめきグラビティ	4	999		キューティーカラット		
SealId		ring1		APR1-022	アイプリバースキューティーカラットクール	じゅりあ		超Easy Drive☆	3	850	TRUE	キューティーカラット		
SealId		ring1		APR1-023	アイプリバースキューティーカラットラブリー	える		ときめきグラビティ	3	850	TRUE	キューティーカラット		
SealId		ring1		APR1-024	アイプリバースポッピンハート	ひまり		キズナ×リンク	3	850	TRUE	ポッピンハート		
SealId		ring1		APR1-025	アイプリバースミラクルムーン	みつき		Ring Ring Ring feat. ひまり	3	850	TRUE	ミラクルムーン		
SealId		ring1		APR1-026	アイプリバースフラワーマーチ	つむぎ		ひみつのふ・ふ・ふ・	3	850	TRUE	フラワーマーチ		
SealId		ring1		APR1-027	アイプリバースラブマイミュージック	チィ		Ring Ring Ring feat. ひまり	3	850	TRUE	ラブマイミュージック		
SealId		ring1		APR1-028	バタフライマジックネイビー	サクラ		ひみつのふ・ふ・ふ・	3	900	TRUE	スカーレットバタフライ		
SealId		ring1		APR1-029	バタフライマジックネイビー	じゅりあ		超Easy Drive☆	3	870	TRUE	スカーレットバタフライ		
SealId		ring1		APR1-030	ひらめきたんていホワイト	タマキ		ひみつのふ・ふ・ふ・	3	920	TRUE	ロゼッション		
SealId		ring1		APR1-031	ひらめきたんていホワイト	える		わたしの大切にしてたこと	3	860	TRUE	ロゼッション		
SealId		ring1		APR1-032	ゆめみるリカちゃんコーデ	ひまり		ムテキDUOエナジー	3	830	TRUE	ポッピンハート		
SealId		ring1		APR1-033	ゆめみるリカちゃんコーデ	みつき		キズナ×リンク	3	830	TRUE	ポッピンハート		
SealId		ring1		APR1-034	ハートメロディ	ひまり		We're The World	3	820	TRUE	ポッピンハート		
SealId		ring1		APR1-035	スターメロディ	みつき		Ring Ring Ring feat. ひまり	3	820	TRUE	ミラクルムーン		
SealId		ring1		APR1-036	クローバーメロディ	つむぎ		ヒカリノコトバ	3	820	TRUE	フラワーマーチ		
SealId		ring1		APR1-037	ときせん かなみん コーデ	ひまり		ひみつのふ・ふ・ふ・	3	900		プリズムストーン		
SealId		ring1		APR1-038	ときせん ジュリ コーデ	みつき		ひみつのふ・ふ・ふ・	3	900		プリズムストーン		
SealId		ring1		APR1-039	ときせん かなみん コーデ	じゅりあ		ひみつのふ・ふ・ふ・	3	900		プリズムストーン		
SealId		ring1		APR1-040	ときせん ジュリ コーデ	える		ひみつのふ・ふ・ふ・	3	900		プリズムストーン		
SealId		ring1		APR1-041	パラダイスがくえんせいふく２ねん	ひまり		Ring Ring Ring feat. ひまり	2	750	TRUE	プリズムストーン		
SealId		ring1		APR1-042	パラダイスがくえんせいふく２ねん	みつき		キズナ×リンク	2	750	TRUE	プリズムストーン		
SealId		ring1		APR1-043	パラダイスがくえんせいふく２ねん	チィ		ひみつのふ・ふ・ふ・	2	760	TRUE	プリズムストーン		
SealId		ring1		APR1-044	パラダイスがくえんせいふく１ねん	じゅりあ		Ring Ring Ring feat. ひまり	2	760	TRUE	プリズムストーン		
SealId		ring1		APR1-045	パラダイスがくえんせいふく１ねん	える		ときめきグラビティ	2	760	TRUE	プリズムストーン		
SealId		ring1		APR1-046	ラブリーアイドルシルバー	える		ときめきグラビティ	2	730	TRUE	キューティーカラット		
SealId		ring1		APR1-047	ラブリーアイドルシルバー	ひまり		ひみつのふ・ふ・ふ・	2	710	TRUE	キューティーカラット		
SealId		ring1		APR1-048	クールアイドルゴールド	じゅりあ		超Easy Drive☆	2	730	TRUE	キューティーカラット		
SealId		ring1		APR1-049	クールアイドルゴールド	みつき		Ring Ring Ring feat. ひまり	2	710	TRUE	キューティーカラット		
SealId		ring1		APR1-050	ひまりのアイムゥ	ひまり		キズナ×リンク	2	800	TRUE	ポッピンハート		
SealId		ring1		APR1-051	みつきのアイムゥ	みつき		Ring Ring Ring feat. ひまり	2	800	TRUE	ミラクルムーン		
SealId		ring1		APR1-052	つむぎのアイムゥ	つむぎ		We're The World	2	800	TRUE	フラワーマーチ		
SealId		ring1		APR1-053	チューリップピンク	ひまり		キズナ×リンク	2	780	TRUE	ポッピンハート		
SealId		ring1		APR1-054	チューリップブルー	みつき		ムテキDUOエナジー	2	780	TRUE	ミラクルムーン		
SealId		ring1		APR1-055	チューリップイエロー	つむぎ		We're The World	2	780	TRUE	フラワーマーチ		
SealId		ring2		APR2-001	スペースバズリウムスターズピンク	ひまり		キズナ×リンク	4	1100		ポッピンハート		
SealId		ring2		APR2-002	スペースバズリウムスターズブルー	みつき		ぴかぴかマイストーリー	4	1100		ミラクルムーン		
SealId		ring2		APR2-003	スペースバズリウムギャラクシー	すばる		Piece Of Dream	4	1100		フューチャースクール		
SealId		ring2		APR2-004	スペースバズリウムプラネット	おとめ		ココロ・アストロノーツ	4	1100		フューチャースクール		
SealId		ring2		APR2-005	エターナルジュエルポッピンドリーミン	ひまり		ムテキDUOエナジー	4	1100		ポッピンハート		
SealId		ring2		APR2-006	エターナルジュエルポッピンドリーミン	みつき		キズナ×リンク	4	1100		ミラクルムーン		
SealId		ring2		APR2-007	エターナルジュエルラブジュリエル	じゅりあ		超Easy Drive☆	4	1100		キューティーカラット		
SealId		ring2		APR2-008	エターナルジュエルラブジュリエル	える		ときめきグラビティ	4	1100		キューティーカラット		
SealId		ring2		APR2-009	もりのフラワーショップ	ひまり		パステルステップデイズ	4	1080		クリスタルバース		
SealId		ring2		APR2-010	もりのフラワーショップ	つむぎ（プリンセスver.）		Ring Ring Ring feat. ひまり	4	1070		クリスタルバース		
SealId		ring2		APR2-011	スクールメイツクール	すばる		Piece Of Dream	4	1040		フューチャースクール		
SealId		ring2		APR2-012	スクールメイツラブリー	おとめ		ココロ・アストロノーツ	4	1040		フューチャースクール		
SealId		ring2		APR2-013	プリうさおでかけ	ひまり		キズナ×リンク	4	1050		ポッピンハート		
SealId		ring2		APR2-014	プリうさおでかけ	みつき		レッツ！アイプリ（ひまり・みつき）	4	1040		ポッピンハート		
SealId		ring2		APR2-015	プリうさおでかけ	チィ		GIRA GIRA STAR	4	1060		ポッピンハート		
SealId		ring2		APR2-016	スポーティバレエコア	じゅりあ		ときめきグラビティ	4	1030		キューティーカラット		
SealId		ring2		APR2-017	スポーティバレエコア	える		わたしの大切にしてたこと	4	1030		キューティーカラット		
SealId		ring2		APR2-018	アイドルチェッククール	すばる		Piece Of Dream	4	1020		フューチャースクール		
SealId		ring2		APR2-019	アイドルチェックラブリー	おとめ		ココロ・アストロノーツ	4	1020		フューチャースクール		
SealId		ring2		APR2-020	ハッピーバースデー！すばる	すばる		ココロ・アストロノーツ	4	999		フューチャースクール		
SealId		ring2		APR2-021	ハッピーバースデー！おとめ	おとめ		ココロ・アストロノーツ	4	999		フューチャースクール		
SealId		ring2		APR2-022	アイプリバースフューチャースクールクール	すばる		Piece Of Dream	3	900	TRUE	フューチャースクール		
SealId		ring2		APR2-023	アイプリバースフューチャースクールラブリー	おとめ		ココロ・アストロノーツ	3	900	TRUE	フューチャースクール		
SealId		ring2		APR2-024	アイプリバースポッピンハート	ひまり		ひみつのふ・ふ・ふ・	3	900	TRUE	ポッピンハート		
SealId		ring2		APR2-025	アイプリバースミラクルムーン	みつき		ぴかぴかマイストーリー	3	900	TRUE	ミラクルムーン		
SealId		ring2		APR2-026	アイプリバースフラワーマーチ	つむぎ		Ring Ring Ring feat. ひまり	3	900	TRUE	フラワーマーチ		
SealId		ring2		APR2-027	こんぺいとう	みつき		ぴかぴかマイストーリー	3	950	TRUE	ミラクルムーン		
SealId		ring2		APR2-028	こんぺいとう	ひまり		パステルステップデイズ	3	920	TRUE	ミラクルムーン		
SealId		ring2		APR2-029	こんぺいとう	つむぎ		We're The World	3	920	TRUE	ミラクルムーン		
SealId		ring2		APR2-030	マイメロディ なかよし	ひまり		キズナ×リンク	3	940		ポッピンハート		
SealId		ring2		APR2-031	クロミ なかよし	みつき		キズナ×リンク	3	940		ミラクルムーン		
SealId		ring2		APR2-032	こぎみゅん なかよし	つむぎ		ひみつのふ・ふ・ふ・	3	940		フラワーマーチ		
SealId		ring2		APR2-033	ハンギョドン なかよし	チィ		Ring Ring Ring feat. ひまり	3	940		ラブマイミュージック		
SealId		ring2		APR2-034	ハローキティ なかよし	じゅりあ		ときめきグラビティ	3	940		キューティーカラット		
SealId		ring2		APR2-035	シナモロール なかよし	える		ときめきグラビティ	3	940		キューティーカラット		
SealId		ring2		APR2-036	ポチャッコ なかよし	すばる		ココロ・アストロノーツ	3	940		フューチャースクール		
SealId		ring2		APR2-037	ポムポムプリン なかよし	おとめ		ココロ・アストロノーツ	3	940		フューチャースクール		
SealId		ring2		APR2-038	ときせん おはる コーデ	ひまり		ひみつのふ・ふ・ふ・	3	900		プリズムストーン		
SealId		ring2		APR2-039	ときせん ひとちゃん コーデ	みつき		ひみつのふ・ふ・ふ・	3	900		プリズムストーン		
SealId		ring2		APR2-040	ときせん おはる コーデ	つむぎ		ひみつのふ・ふ・ふ・	3	900		プリズムストーン		
SealId		ring2		APR2-041	ときせん ひとちゃん コーデ	チィ		ひみつのふ・ふ・ふ・	3	900		プリズムストーン		
SealId		ring2		APR2-042	パラダイスがくえんなつふく２ねん	ひまり		レッツ！アイプリ（ひまり・みつき）	2	800	TRUE	プリズムストーン		
SealId		ring2		APR2-043	パラダイスがくえんなつふく２ねん	みつき		キズナ×リンク	2	800	TRUE	プリズムストーン		
SealId		ring2		APR2-044	パラダイスがくえんなつふく２ねん	チィ		GIRA GIRA STAR	2	800	TRUE	プリズムストーン		
SealId		ring2		APR2-045	パラダイスがくえんなつふく１ねん	じゅりあ		超Easy Drive☆	2	790	TRUE	プリズムストーン		
SealId		ring2		APR2-046	パラダイスがくえんなつふく１ねん	える		ひみつのふ・ふ・ふ・	2	790	TRUE	プリズムストーン		
SealId		ring2		APR2-047	パラダイスがくえんなつふく２ねん	おとめ		Ring Ring Ring feat. ひまり	2	800	TRUE	プリズムストーン		
SealId		ring2		APR2-048	ミルキーウェイわかくさ	みつき		ぴかぴかマイストーリー	2	800	TRUE	ミラクルムーン		
SealId		ring2		APR2-049	ミルキーウェイわかくさ	ひまり		キズナ×リンク	2	790	TRUE	ミラクルムーン		
SealId		ring2		APR2-050	ミルキーウェイわかくさ	おとめ		ひみつのふ・ふ・ふ・	2	790	TRUE	ミラクルムーン		
SealId		ring2		APR2-051	ハッピーチアゴールド	じゅりあ		ときめきグラビティ	2	820	TRUE	キューティーカラット		
SealId		ring2		APR2-052	セーラーカジュアルシルバー	える		Ring Ring Ring feat. ひまり	2	820	TRUE	キューティーカラット		
SealId		ring2		APR2-053	ラブリーアイドルおとめピンク	おとめ		ココロ・アストロノーツ	2	860	TRUE	フューチャースクール		
SealId		ring2		APR2-054	ハッピーチアグリーン	ひまり		パステルステップデイズ	2	770	TRUE	レインボーキャンディ		
SealId		ring2		APR2-055	クールアイドルグリーン	みつき		レッツ！アイプリ（ひまり・みつき）	2	750	TRUE	レインボーキャンディ		
SealId		ring2		APR2-056	チューリップパープル	つむぎ		Ring Ring Ring feat. ひまり	2	770	TRUE	ラブマイミュージック		
SealId		ring2		APR2-057	ラブリーアイドルシルバー	じゅりあ		ひみつのふ・ふ・ふ・	2	760	TRUE	キューティーカラット		
SealId		ring2		APR2-058	クールアイドルゴールド	える		ときめきグラビティ	2	760	TRUE	キューティーカラット		
SealId		ring3		APR3-001	アニマルバズリウムプードルピンク	ひまり		パステルステップデイズ	4	1150		ポッピンハート		
SealId		ring3		APR3-002	アニマルバズリウムプードルブルー	みつき		ぴかぴかマイストーリー	4	1150		ミラクルムーン		
SealId		ring3		APR3-003	アニマルバズリウムプードルイエロー	つむぎ		We're The World	4	1150		フラワーマーチ		
SealId		ring3		APR3-004	アニマルバズリウムパンサー	チィ		わいるど☆すたー（ビビ・チィ）	4	1150		ラブマイミュージック		
SealId		ring3		APR3-005	アニマルバズリウムタイガー	ビビ		わいるど☆すたー（ビビ）	4	1150		ラブマイミュージック		
SealId		ring3		APR3-006	エターナルスペースジャンピンロケットクール	すばる		Piece Of Dream	4	1150		フューチャースクール		
SealId		ring3		APR3-007	エターナルスペースジャンピンロケットラブリー	おとめ		ココロ・アストロノーツ	4	1150		フューチャースクール		
SealId		ring3		APR3-008	ウィッシュメロディグランプリ	チィ		GIRA GIRA STAR	4	1130		ラブマイミュージック		
SealId		ring3		APR3-009	わいるど☆すたーパープル	チィ		わいるど☆すたー（ビビ・チィ）	4	1100		ラブマイミュージック		
SealId		ring3		APR3-010	わいるど☆すたーレッド	ビビ		わいるど☆すたー（ビビ）	4	1100		ラブマイミュージック		
SealId		ring3		APR3-011	おとぎばなしアラビアンナイトピンク	ひまり		ひみつのふ・ふ・ふ・	4	1080		クリスタルバース		
SealId		ring3		APR3-012	おとぎばなしアラビアンナイトブルー	みつき		ひみつのふ・ふ・ふ・	4	1080		クリスタルバース		
SealId		ring3		APR3-013	ときめきビジューツイン　じゅりあ	じゅりあ		超Easy Drive☆	4	1140		キューティーカラット		
SealId		ring3		APR3-014	ときめきビジューツイン　える	える		ときめきグラビティ	4	1140		キューティーカラット		
SealId		ring3		APR3-015	わくわくベーカリー	つむぎ		ヒカリノコトバ	4	1120		クリスタルバース		
SealId		ring3		APR3-016	スクールメイツクールミント	すばる		レッツ！アイプリ（すばる）	4	1110		フューチャースクール		
SealId		ring3		APR3-017	スペースダイナー	おとめ		ココロ・アストロノーツ	4	1110		フューチャースクール		
SealId		ring3		APR3-018	アニマルロックブラック	チィ		わいるど☆すたー（ビビ・チィ）	4	1070		ラブマイミュージック		
SealId		ring3		APR3-019	アニマルロックレッド	ビビ		わいるど☆すたー（ビビ）	4	1070		ラブマイミュージック		
SealId		ring3		APR3-020	ハッピーバースデー！ビビ	ビビ		わいるど☆すたー（ビビ・チィ）	4	999		ラブマイミュージック		
SealId		ring3		APR3-021	アイプリバースラブマイミュージックタイガー	ビビ		わいるど☆すたー（ビビ）	3	950	TRUE	ラブマイミュージック		
SealId		ring3		APR3-022	アイプリバースポッピンハート	ひまり		ハピハピハッピー☆マイバースデー（ひまり）	3	950	TRUE	ポッピンハート		
SealId		ring3		APR3-023	アイプリバースミラクルムーン	みつき		ハピハピハッピー☆マイバースデー（みつき）	3	950	TRUE	ミラクルムーン		
SealId		ring3		APR3-024	アイプリバースフラワーマーチ	つむぎ		つむぎのひみつマイソング♪	3	950	TRUE	フラワーマーチ		
SealId		ring3		APR3-025	アイプリバースベアベアベア	リンリン		ハピハピハッピー☆マイバースデー（リンリン）	3	950	TRUE	ベアベアベア		
SealId		ring3		APR3-026	アイプリバースラブマイミュージック	チィ		チィのひみつマイソング♪	3	950	TRUE	ラブマイミュージック		
SealId		ring3		APR3-027	アイプリバースキューティーカラットクールピンク	じゅりあ		ときめきグラビティ	3	940	TRUE	キューティーカラット		
SealId		ring3		APR3-028	アイプリバースキューティーカラットラブリーブルー	える		わたしの大切にしてたこと	3	940	TRUE	キューティーカラット		
SealId		ring3		APR3-029	アイプリバースフューチャースクールクールピンク	すばる		レッツ！アイプリ（すばる）	3	940	TRUE	フューチャースクール		
SealId		ring3		APR3-030	アイプリバースフューチャースクールラブリーブルー	おとめ		Ring Ring Ring feat. ひまり	3	940	TRUE	フューチャースクール		
SealId		ring3		APR3-031	いたずらモンスターブルー	チィ		わいるど☆すたー（ビビ・チィ）	3	890	TRUE	ラブマイミュージック		
SealId		ring3		APR3-032	いたずらモンスターブルー	ビビ		わいるど☆すたー（ビビ）	3	890	TRUE	ラブマイミュージック		
SealId		ring3		APR3-033	ゴージャスビジューレッド	サクラ		Stand Get Up	3	980	TRUE	スカーレットバタフライ		
SealId		ring3		APR3-034	ゴージャスビジューレッド	タマキ		Perfect☆STARs	3	980	TRUE	スカーレットバタフライ		
SealId		ring3		APR3-035	てんしなえびてん だいすきコーデ	ひまり		We're The World	3	970		プリズムストーン		
SealId		ring3		APR3-036	てんしなえびてん だいすきコーデ	みつき		Ring Ring Ring feat. ひまり	3	970		プリズムストーン		
SealId		ring3		APR3-037	てんしなえびてん だいすきコーデ	つむぎ		ひみつのふ・ふ・ふ・	3	970		プリズムストーン		
SealId		ring3		APR3-038	てんしなえびてん だいすきコーデ	チィ		わいるど☆すたー（ビビ・チィ）	3	970		プリズムストーン		
SealId		ring3		APR3-039	ときせん ひよりん コーデ	ひまり		ひみつのふ・ふ・ふ・	3	900		プリズムストーン		
SealId		ring3		APR3-040	ときせん あきちゃん コーデ	みつき		ひみつのふ・ふ・ふ・	3	900		プリズムストーン		
SealId		ring3		APR3-041	ときせん ひよりん コーデ	おとめ		ひみつのふ・ふ・ふ・	3	900		プリズムストーン		
SealId		ring3		APR3-042	ときせん あきちゃん コーデ	ビビ		ひみつのふ・ふ・ふ・	3	900		プリズムストーン		
SealId		ring3		APR3-043	パラダイスがくえんなつふく２ねん	ひまり		ひまりのひみつマイソング♪	2	850	TRUE	プリズムストーン		
SealId		ring3		APR3-044	パラダイスがくえんなつふく２ねん	みつき		ぴかぴかマイストーリー	2	850	TRUE	プリズムストーン		
SealId		ring3		APR3-045	パラダイスがくえんなつふく２ねん	チィ		レッツ！アイプリ（チィ）	2	850	TRUE	プリズムストーン		
SealId		ring3		APR3-046	パラダイスがくえんなつふく１ねん	ビビ		わいるど☆すたー（ビビ・チィ）	2	850	TRUE	プリズムストーン		
SealId		ring3		APR3-047	トロピカルサマーイエロー	アイリ		ネバギバラバー	2	900	TRUE	レインボーキャンディ		
SealId		ring3		APR3-048	トロピカルサマーイエロー	リンリン		ネバギバラバー	2	900	TRUE	レインボーキャンディ		
SealId		ring3		APR3-049	さわやかマリンサマー	ひまり		P.O.P.P.Y	2	840	TRUE	ミラクルムーン		
SealId		ring3		APR3-050	さわやかマリンサマー	みつき		シークレット・ドリーム	2	840	TRUE	ミラクルムーン		
SealId		ring3		APR3-051	さわやかマリンサマー	つむぎ		We're The World	2	840	TRUE	ミラクルムーン		
SealId		ring3		APR3-052	じゅりあのアイムゥ	じゅりあ		超Easy Drive☆	2	870	TRUE	キューティーカラット		
SealId		ring3		APR3-053	えるのアイムゥ	える		わたしの大切にしてたこと	2	870	TRUE	キューティーカラット		
SealId		ring3		APR3-054	ラブリーアイドルオレンジレッド	サクラ		Perfect☆STARs	2	810	TRUE	スカーレットバタフライ		
SealId		ring3		APR3-055	ラブリーアイドルオレンジレッド	タマキ		Stand Get Up	2	810	TRUE	スカーレットバタフライ		
SealId		ring3		APR3-056	チューリップパステルパープル	ビビ		アイプリバースメドレー１	2	830	TRUE	ポッピンハート		
SealId		ring3		APR3-057	チューリップビタミンイエロー	おとめ		アイプリバースメドレー２	2	860	TRUE	フラワーマーチ		
SealId		ring3		APR3-058	セーラーカジュアルマリン	みつき		キズナ×リンク	2	820	TRUE	ミラクルムーン		
SealId		ring3		APR3M-001	フィーバーデビルピンク	ひまり		ときめきグラビティ	4	1100		キューティーカラット		
SealId		ring3		APR3M-002	フィーバーエンジェルブルー	みつき		ときめきグラビティ	4	1100		キューティーカラット		
SealId		ring3		APR3M-003	カワイイあめちゃんレッド	サクラ		ネバギバラバー	4	1100		レインボーキャンディ		
SealId		ring3		APR3M-004	カワイイくまさんブルー	タマキ		ネバギバラバー	4	1100		ベアベアベア		
SealId		ring3		APR3M-005	フレッシュレモンときめきゴールド	じゅりあ		ムテキDUOエナジー	4	1100		ポッピンハート		
SealId		ring3		APR3M-006	フレッシュレモンときめきシルバー	える		ムテキDUOエナジー	4	1100		ミラクルムーン		
SealId		ring4		APR4-001	フラワーバズリウムコスモスピンク	ひまり		ミラクル☆ツインスマイル	4	1200		ポッピンハート		
SealId		ring4		APR4-002	フラワーバズリウムコスモスブルー	みつき		ぴかぴかマイストーリー	4	1200		ミラクルムーン		
SealId		ring4		APR4-003	フラワーバズリウムクローバー	つむぎ（プリンセスver.）		ミライのプリンセス（つむぎ・リング）	4	1200		フラワーマーチ		
SealId		ring4		APR4-004	フラワーバズリウムカンパニュラ	リング		ミライのプリンセス（リング）	4	1200		プリンセスリング		
SealId		ring4		APR4-005	エターナルアニマルビビアンチィ	チィ		GIRA GIRA STAR	4	1200		ラブマイミュージック		
SealId		ring4		APR4-006	エターナルアニマルビビアンチィ	ビビ		わいるど☆すたー（ビビ・チィ）	4	1200		ラブマイミュージック		
SealId		ring4		APR4-007	ときめきハロウィンオレンジ	じゅりあ		ときめきグラビティ	4	1170		キューティーカラット		
SealId		ring4		APR4-008	ときめきハロウィンブルー	える		シンデレラのラララ	4	1170		キューティーカラット		
SealId		ring4		APR4-009	ときめきハロウィンオレンジ	ひまり		どきどき きらめき バズリウム	4	1150		キューティーカラット		
SealId		ring4		APR4-010	ときめきハロウィンブルー	みつき		ミラクル☆ツインスマイル	4	1150		キューティーカラット		
SealId		ring4		APR4-011	カラフルシャインイエロー	つむぎ（プリンセスver.）		きらめきのうた	4	1160		フラワーマーチ		
SealId		ring4		APR4-012	カラフルシャインパープル	リング		ミライのプリンセス（つむぎ・リング）	4	1160		プリンセスリング		
SealId		ring4		APR4-013	あこがれコズミックツイン　すばる	すばる		Piece Of Dream	4	1180		フューチャースクール		
SealId		ring4		APR4-014	あこがれコズミックツイン　おとめ	おとめ		ココロ・アストロノーツ	4	1180		フューチャースクール		
SealId		ring4		APR4-015	しあわせナース	つむぎ（プリンセスver.）		きらめきのうた	4	1130		クリスタルバース		
SealId		ring4		APR4-016	しあわせナース	リング		ミライのプリンセス（つむぎ・リング）	4	1130		クリスタルバース		
SealId		ring4		APR4-017	フラワーガーデン	つむぎ		We're The World	4	1140		フラワーマーチ		
SealId		ring4		APR4-018	フラワーガーデンピンク	ひまり		ミラクル☆ツインスマイル	4	1140		フラワーマーチ		
SealId		ring4		APR4-019	フラワーガーデンブルー	みつき		ぴかぴかマイストーリー	4	1140		フラワーマーチ		
SealId		ring4		APR4-020	おとぎばなしかぐやひめピュアピンク	つむぎ		ヒカリノコトバ	4	1190		クリスタルバース		
SealId		ring4		APR4-021	アイプリバースプリンセスリング	リング		ミライのプリンセス（つむぎ・リング）	3	1050	TRUE	プリンセスリング		
SealId		ring4		APR4-022	アイプリバースプリンセスリング	リング		ミライのプリンセス（リング）	3	1050	TRUE	プリンセスリング		
SealId		ring4		APR4-023	アイプリバースポッピンハート	ひまり		どきどき きらめき バズリウム	3	1000	TRUE	ポッピンハート		
SealId		ring4		APR4-024	アイプリバースミラクルムーン	みつき		シンデレラのラララ	3	1000	TRUE	ミラクルムーン		
SealId		ring4		APR4-025	アイプリバースレインボーキャンディ	アイリ		ハピハピハッピー☆マイバースデー（アイリ）	3	1000	TRUE	レインボーキャンディ		
SealId		ring4		APR4-026	アイプリバースラブマイミュージック	チィ		ハピハピハッピー☆マイバースデー（チィ）	3	1000	TRUE	ラブマイミュージック		
SealId		ring4		APR4-027	アイプリバースフラワーマーチプリンセス	つむぎ（プリンセスver.）		きらめきのうた（ひまり・みつき・つむぎ）	3	1050	TRUE	フラワーマーチ		
SealId		ring4		APR4-028	アイプリバースフューチャースクールクール	すばる		ココロ・アストロノーツ	3	1100	TRUE	フューチャースクール		
SealId		ring4		APR4-029	こんぺいとうピンク	ひまり		パステルステップデイズ	3	970	TRUE	ポッピンハート		
SealId		ring4		APR4-030	ハーバリウムパープル	つむぎ（プリンセスver.）		きらめきのうた	3	1090	TRUE	フラワーマーチ		
SealId		ring4		APR4-031	ハーバリウムパープル	リング		ミライのプリンセス（つむぎ・リング）	3	1090	TRUE	フラワーマーチ		
SealId		ring4		APR4-032	パンキッシュペンギンパステル	チィ		レッツ！アイプリ（チィ）	3	1080	TRUE	ラブマイミュージック		
SealId		ring4		APR4-033	パンキッシュペンギン	ビビ		わいるど☆すたー（ビビ・チィ）	3	1070	TRUE	ラブマイミュージック		
SealId		ring4		APR4-034	たいようさんさんブルー	じゅりあ		どきどき きらめき バズリウム	3	990	TRUE	スカーレットバタフライ		
SealId		ring4		APR4-035	たいようさんさんブルー	える		ときめきグラビティ	3	990	TRUE	スカーレットバタフライ		
SealId		ring4		APR4-036	かれいなるきんぎょブラック	サクラ		Perfect☆STARs	3	1060	TRUE	スカーレットバタフライ		
SealId		ring4		APR4-037	かれいなるきんぎょブラック	タマキ		Stand Get Up	3	1060	TRUE	スカーレットバタフライ		
SealId		ring4		APR4-038	うさぎぬいぐるみ	リンリン		どきどき きらめき バズリウム	3	1040	TRUE	ベアベアベア		
SealId		ring4		APR4-039	うさぎぬいぐるみ	アイリ		ネバギバラバー	3	1040	TRUE	ベアベアベア		
SealId		ring4		APR4-040	ミラクルハロウィングリーン	みつき		We're The World	3	980	TRUE	ミラクルムーン		
SealId		ring4		APR4-041	ミラクルハロウィングリーン	ひまり		ミラクル☆ツインスマイル	3	980	TRUE	ミラクルムーン		
SealId		ring4		APR4-042	ミラクルハロウィングリーン	つむぎ		レッツ！アイプリ（つむぎ）	3	980	TRUE	ミラクルムーン		
SealId		ring4		APR4-043	ピンクパレードコーデ	ひまり		START DASH SENSATION～あかりソロVer.～	3	1050		プリズムストーン		
SealId		ring4		APR4-044	ピンクパレードコーデ	みつき		START DASH SENSATION～あかりソロVer.～	3	1050		プリズムストーン		
SealId		ring4		APR4-045	シンデレラのラララ かなみん コーデ	ひまり		シンデレラのラララ	3	1050		プリズムストーン		
SealId		ring4		APR4-046	シンデレラのラララ ジュリ コーデ	みつき		シンデレラのラララ	3	1050		プリズムストーン		
SealId		ring4		APR4-047	シンデレラのラララ かなみん コーデ	サクラ		シンデレラのラララ	3	1050		プリズムストーン		
SealId		ring4		APR4-048	シンデレラのラララ ジュリ コーデ	タマキ		シンデレラのラララ	3	1050		プリズムストーン		
SealId		ring4		APR4-049	パラダイスがくえんせいふく１ねん	つむぎ		ヒカリノコトバ	2	900	TRUE	プリズムストーン		
SealId		ring4		APR4-050	パラダイスがくえんせいふく２ねん	おとめ		ココロ・アストロノーツ	2	900	TRUE	プリズムストーン		
SealId		ring4		APR4-051	パラダイスがくえんせいふく１ねん	ビビ		わいるど☆すたー（ビビ）	2	900	TRUE	プリズムストーン		
SealId		ring4		APR4-052	パラダイスがくえんせいふく２ねん	ひまり		どきどき きらめき バズリウム	2	900	TRUE	プリズムストーン		
SealId		ring4		APR4-053	パラダイスがくえんせいふく２ねん	みつき		ぴかぴかマイストーリー	2	900	TRUE	プリズムストーン		
SealId		ring4		APR4-054	スターパーティーよぞらネイビー	える		わたしの大切にしてたこと	2	920	TRUE	ポッピンハート		
SealId		ring4		APR4-055	ハニービーフラワー	みつき		ミラクル☆ツインスマイル	2	860	TRUE	ミラクルムーン		
SealId		ring4		APR4-056	ラブリーアイドルハロウィン	チィ		アイプリバースメドレー１	2	960	TRUE	ラブマイミュージック		
SealId		ring4		APR4-057	ラブリーアイドルハロウィン	ビビ		シンデレラのラララ	2	960	TRUE	ラブマイミュージック		
SealId		ring4		APR4-058	すばるのアイムゥ	おとめ		ココロ・アストロノーツ	2	950	TRUE	フューチャースクール		
SealId		ring4		APR4-059	おとめのアイムゥ	おとめ		どきどき きらめき バズリウム	2	980	TRUE	フューチャースクール		
SealId		ring4		APR4-060	ラブリーアイドルホワイトピンク	ひまり		パステルステップデイズ	2	880	TRUE	ポッピンハート		
SealId		ring4		APR4-061	ラブリーアイドルフレッシュいちご	じゅりあ		超Easy Drive☆	2	930	TRUE	ポッピンハート		
SealId		ring4		APR4M-001	スクールメイツラブリーピンク	ひまり		ココロ・アストロノーツ	4	1150		フューチャースクール		
SealId		ring4		APR4M-002	スクールメイツクールブルー	みつき		ココロ・アストロノーツ	4	1150		フューチャースクール		
SealId		ring4		APR4M-003	エレガントジュエルグリーン	アイリ		Stand Get Up	4	1150		ロゼッション		
SealId		ring4		APR4M-004	エレガントジュエルオレンジ	リンリン		Stand Get Up	4	1150		スカーレットバタフライ		
SealId		ring4		APR4M-005	わいるど☆スタークールネイビー	すばる		わいるど☆すたー（ビビ・チィ）	4	1150		フューチャースクール		
SealId		ring4		APR4M-006	わいるど☆スターおとめピンク	おとめ		わいるど☆すたー（ビビ・チィ）	4	1150		ラブマイミュージック		
SealId		ring5		APR5-001	メロディバズリウムハーモニーピンク	ひまり		キズナ×リンク	4	1250		ポッピンハート		
SealId		ring5		APR5-002	メロディバズリウムハーモニーブルー	みつき		ミラクル☆ツインスマイル	4	1250		ミラクルムーン		
SealId		ring5		APR5-003	メロディバズリウムアンサンブルレッド	サクラ		ニュースタージョーカー（リング編）	4	1250		スカーレットバタフライ		
SealId		ring5		APR5-004	メロディバズリウムアンサンブルブルー	タマキ		レジェンド・ストーリー!!!!	4	1250		ロゼッション		
SealId		ring5		APR5-005	メロディバズリウムアンサンブルグリーン	アイリ		ニュースタージョーカー（リング編）	4	1250		レインボーキャンディ		
SealId		ring5		APR5-006	メロディバズリウムアンサンブルオレンジ	リンリン		Perfect☆STARs	4	1250		ベアベアベア		
SealId		ring5		APR5-007	エターナルフラワールミナスフローラ	つむぎ（プリンセスver.）		きらめきのうた	4	1250		フラワーマーチ		
SealId		ring5		APR5-008	エターナルフラワールミナスフローラ	リング		ミライのプリンセス（つむぎ・リング）	4	1250		プリンセスリング		
SealId		ring5		APR5-009	カルテットレジェンド	サクラ		Perfect☆STARs	4	1220		スカーレットバタフライ		
SealId		ring5		APR5-010	カルテットレジェンド	タマキ		ニュースタージョーカー（リング編）	4	1220		ロゼッション		
SealId		ring5		APR5-011	カルテットレジェンド	アイリ		レジェンド・ストーリー!!!!	4	1220		レインボーキャンディ		
SealId		ring5		APR5-012	カルテットレジェンド	リンリン		レジェンド・ストーリー!!!!	4	1220		ベアベアベア		
SealId		ring5		APR5-013	じしんのアニマルツイン　チィ	チィ		GIRA GIRA STAR	4	1230		ラブマイミュージック		
SealId		ring5		APR5-014	じしんのアニマルツイン　ビビ	ビビ		わいるど☆すたー（ビビ・チィ）	4	1230		ラブマイミュージック		
SealId		ring5		APR5-015	ひみつのクリスマスレッド	ひまり		クリスマス・シークレット	4	1180		ポッピンハート		
SealId		ring5		APR5-016	ひみつのクリスマスネイビー	みつき		クリスマス・シークレット	4	1180		ミラクルムーン		
SealId		ring5		APR5-017	ひみつのクリスマスレッド	つむぎ		クリスマス・シークレット	4	1180		ポッピンハート		
SealId		ring5		APR5-018	ベリキューデニムスプリング	じゅりあ		どきどき きらめき バズリウム	4	1200		キューティーカラット		
SealId		ring5		APR5-019	ベリキューデニムラブ	える		わたしの大切にしてたこと	4	1200		キューティーカラット		
SealId		ring5		APR5-020	スクールメイツクール	すばる		レッツ！アイプリ（すばる）	4	1200		フューチャースクール		
SealId		ring5		APR5-021	スクールメイツラブリー	おとめ		どきどき きらめき バズリウム	4	1200		フューチャースクール		
SealId		ring5		APR5-022	アイプリバースポッピンハート	ひまり		クリスマス・シークレット	3	1050	TRUE	ポッピンハート		
SealId		ring5		APR5-023	アイプリバースミラクルムーン	みつき		クリスマス・シークレット	3	1050	TRUE	ミラクルムーン		
SealId		ring5		APR5-024	アイプリバースフラワーマーチ	つむぎ		ハピハピハッピー☆マイバースデー（つむぎ）	3	1050	TRUE	フラワーマーチ		
SealId		ring5		APR5-025	アイプリバーススカーレットバタフライ	サクラ		シンデレラのラララ	3	1050	TRUE	スカーレットバタフライ		
SealId		ring5		APR5-026	アイプリバースロゼッション	タマキ		ハピハピハッピー☆マイバースデー（タマキ）	3	1050	TRUE	ロゼッション		
SealId		ring5		APR5-027	アイプリバースレインボーキャンディ	アイリ		レッツ！アイプリ（アイリ）	3	1050	TRUE	レインボーキャンディ		
SealId		ring5		APR5-028	アイプリバースベアベアベア	リンリン		リンリンのひみつマイソング♪	3	1050	TRUE	ベアベアベア		
SealId		ring5		APR5-029	ロッキンスター	チィ		わいるど☆すたー（ビビ・チィ）	3	1100	TRUE	ラブマイミュージック		
SealId		ring5		APR5-030	ロッキンスター	ビビ		どきどき きらめき バズリウム	3	1100	TRUE	ラブマイミュージック		
SealId		ring5		APR5-031	マジカルカラット	じゅりあ		超Easy Drive☆	3	1120	TRUE	キューティーカラット		
SealId		ring5		APR5-032	マジカルカラットホワイト	える		ときめきグラビティ	3	1120	TRUE	キューティーカラット		
SealId		ring5		APR5-033	おしょうがつパープル	ひまり		P.O.P.P.Y	3	1000	TRUE	ミラクルムーン		
SealId		ring5		APR5-034	おしょうがつパープル	みつき		ムテキDUOエナジー	3	1000	TRUE	ミラクルムーン		
SealId		ring5		APR5-035	おしょうがつパープル	つむぎ		We're The World	3	1000	TRUE	ミラクルムーン		
SealId		ring5		APR5-036	ぽんぽんすずらんホワイトパープル	つむぎ（プリンセスver.）		ミライのプリンセス（つむぎ・リング）	3	1030	TRUE	フラワーマーチ		
SealId		ring5		APR5-037	ぽんぽんすずらんホワイトパープル	リング		ミライのプリンセス（リング）	3	1030	TRUE	フラワーマーチ		
SealId		ring5		APR5-038	スターアイドル	おとめ		ココロ・アストロノーツ	3	1080	TRUE	フューチャースクール		
SealId		ring5		APR5-039	クローバーメロディグリーン	アイリ		Perfect☆STARs	3	980	TRUE	レインボーキャンディ		
SealId		ring5		APR5-040	クローバーメロディオレンジ	リンリン		ネバギバラバー	3	980	TRUE	ベアベアベア		
SealId		ring5		APR5-041	【おしのこ】 ルビー コーデ	ひまり		サインはB	3	1050		プリズムストーン		
SealId		ring5		APR5-042	【おしのこ】 ルビー コーデ	みつき		サインはB	3	1050		プリズムストーン		
SealId		ring5		APR5-043	シンデレラのラララ ひとちゃん コーデ	ひまり		シンデレラのラララ	3	1050		プリズムストーン		
SealId		ring5		APR5-044	シンデレラのラララ おはる コーデ	みつき		シンデレラのラララ	3	1050		プリズムストーン		
SealId		ring5		APR5-045	シンデレラのラララ ひとちゃん コーデ	リンリン		シンデレラのラララ	3	1050		プリズムストーン		
SealId		ring5		APR5-046	シンデレラのラララ おはる コーデ	アイリ		シンデレラのラララ	3	1050		プリズムストーン		
SealId		ring5		APR5-047	パラダイスがくえんせいふく３ねん	サクラ		Stand Get Up	2	950	TRUE	プリズムストーン		
SealId		ring5		APR5-048	パラダイスがくえんせいふく３ねん	タマキ		どきどき きらめき バズリウム	2	950	TRUE	プリズムストーン		
SealId		ring5		APR5-049	パラダイスがくえんせいふく３ねん	アイリ		ネバギバラバー	2	950	TRUE	プリズムストーン		
SealId		ring5		APR5-050	パラダイスがくえんせいふく３ねん	リンリン		ニュースタージョーカー（リング編）	2	950	TRUE	プリズムストーン		
SealId		ring5		APR5-051	パラダイスがくえんせいふくすばる	すばる		Piece Of Dream	2	950	TRUE	プリズムストーン		
SealId		ring5		APR5-052	ファンタジースノーフォレスト	おとめ		ココロ・アストロノーツ	2	970	TRUE	スカーレットバタフライ		
SealId		ring5		APR5-053	ファンタジースノー	える		ときめきグラビティ	2	960	TRUE	スカーレットバタフライ		
SealId		ring5		APR5-054	ファンタジースノーナイト	じゅりあ		超Easy Drive☆	2	960	TRUE	スカーレットバタフライ		
SealId		ring5		APR5-055	クールアイドルレッドイエロー	みつき		ぴかぴかマイストーリー	2	930	TRUE	ミラクルムーン		
SealId		ring5		APR5-056	ハッピーチアライトグリーン	つむぎ		ヒカリノコトバ	2	930	TRUE	ポッピンハート		
SealId		ring5		APR5-057	セーラーカジュアルラブリーパープル	ひまり		レッツ！アイプリ（ひまり）	2	930	TRUE	ミラクルムーン		
SealId		ring5		APR5-058	チューリップピュアホワイト	つむぎ（プリンセスver.）		きらめきのうた（ひまり・みつき・つむぎ）	2	990	TRUE	フラワーマーチ		
SealId		ring5		APR5-059	チューリップピュアホワイト	リング		シンデレラのラララ	2	990	TRUE	フラワーマーチ		
SealId		ring5		APR5-060	チィのアイムゥ	チィ		GIRA GIRA STAR	2	1030	TRUE	ラブマイミュージック		
SealId		ring5		APR5-061	ビビのアイムゥ	ビビ		わいるど☆すたー（ビビ）	2	1030	TRUE	ラブマイミュージック		
SealId		ring5		APR5M-001	フレンドスターグランプリイエロー	つむぎ		キズナ×リンク	4	1200		ポッピンハート		
SealId		ring5		APR5M-002	フレンドスターグランプリパープル	チィ		キズナ×リンク	4	1200		ミラクルムーン		
SealId		ring5		APR5M-003	スクールメイツクールレッド	ビビ		ココロ・アストロノーツ	4	1200		フューチャースクール		
SealId		ring5		APR5M-004	スクールメイツラブリーパープル	チィ		ココロ・アストロノーツ	4	1200		フューチャースクール		
SealId		ring5		APR5M-005	カラフルシャインミルキーピンク	ひまり		ミライのプリンセス（つむぎ・リング）	4	1200		フラワーマーチ		
SealId		ring5		APR5M-006	カラフルシャインミルキーブルー	みつき		ミライのプリンセス（つむぎ・リング）	4	1200		プリンセスリング		
SealId		ring6		APR6-001	プリンセスバズリウムハートピンク	ひまり（プリンセスver.）		ミラクル☆ツインスマイル	4	1300		ポッピンハート		
SealId		ring6		APR6-002	プリンセスバズリウムムーンブルー	みつき（プリンセスver.）		ムテキDUOエナジー	4	1300		ミラクルムーン		
SealId		ring6		APR6-003	プリンセスバズリウムシークレットフレンズ∞	ひまり		きらめきのうた（ひまり・みつき・つむぎ）	4	1290		ポッピンハート		
SealId		ring6		APR6-004	プリンセスバズリウムシークレットフレンズ∞	みつき		シークレット・ドリーム	4	1290		ミラクルムーン		
SealId		ring6		APR6-005	プリンセスバズリウムシークレットフレンズ∞	つむぎ		We're The World	4	1290		フラワーマーチ		
SealId		ring6		APR6-006	エターナルメロディカルテットスター	サクラ		レジェンド・ストーリー!!!!	4	1270		スカーレットバタフライ		
SealId		ring6		APR6-007	エターナルメロディカルテットスター	タマキ		Perfect☆STARs	4	1270		ロゼッション		
SealId		ring6		APR6-008	エターナルメロディカルテットスター	アイリ		ニュースタージョーカー（リング編）	4	1270		レインボーキャンディ		
SealId		ring6		APR6-009	エターナルメロディカルテットスター	リンリン		レジェンド・ストーリー!!!!	4	1270		ベアベアベア		
SealId		ring6		APR6-010	エターナルジュエルラブジュリエル	じゅりあ		ときめきグラビティ	4	1270		キューティーカラット		
SealId		ring6		APR6-011	エターナルジュエルラブジュリエル	える		どきどき きらめき バズリウム	4	1270		キューティーカラット		
SealId		ring6		APR6-012	エターナルスぺースジャンピンロケットクール	すばる		ココロ・アストロノーツ	4	1270		フューチャースクール		
SealId		ring6		APR6-013	エターナルスぺースジャンピンロケットラブリー	おとめ		どきどき きらめき バズリウム	4	1270		フューチャースクール		
SealId		ring6		APR6-014	エターナルアニマルビビアンチィ	チィ		わいるど☆すたー（ビビ・チィ）	4	1270		ラブマイミュージック		
SealId		ring6		APR6-015	エターナルアニマルビビアンチィ	ビビ		わいるど☆すたー（ビビ）	4	1270		ラブマイミュージック		
SealId		ring6		APR6-016	バレンタインクッキークール	すばる		Piece Of Dream	4	1250		フューチャースクール		
SealId		ring6		APR6-017	バレンタインクッキーラブリー	おとめ		ココロ・アストロノーツ	4	1250		フューチャースクール		
SealId		ring6		APR6-018	ゆうきのブロッサムツイン　つむぎ	つむぎ（プリンセスver.）		ミライのプリンセス（つむぎ・リング）	4	1280		フラワーマーチ		
SealId		ring6		APR6-019	ゆうきのブロッサムツイン　リング	リング		ミライのプリンセス（リング）	4	1280		プリンセスリング		
SealId		ring6		APR6-020	ゆうじょうさくらツイン　ひまり	ひまり		キズナ×リンク	4	1280		ポッピンハート		
SealId		ring6		APR6-021	ゆうじょうさくらツイン　みつき	みつき		ミラクル☆ツインスマイル	4	1280		ミラクルムーン		
SealId		ring6		APR6-022	アイプリバースポッピンハートプリンセス	ひまり（プリンセスver.）		P.O.P.P.Y	3	1200	TRUE	ポッピンハート		
SealId		ring6		APR6-023	アイプリバースミラクルムーンプリンセス	みつき（プリンセスver.）		ミラクル☆ツインスマイル	3	1200	TRUE	ミラクルムーン		
SealId		ring6		APR6-024	アイプリバースポッピンハート	ひまり		We're The World	3	1100	TRUE	ポッピンハート		
SealId		ring6		APR6-025	アイプリバースミラクルムーン	みつき		きらめきのうた（ひまり・みつき・つむぎ）	3	1100	TRUE	ミラクルムーン		
SealId		ring6		APR6-026	アイプリバースフラワーマーチ	つむぎ		レッツ！アイプリ（つむぎ）	3	1100	TRUE	フラワーマーチ		
SealId		ring6		APR6-027	アイプリバーススカーレットバタフライ	サクラ		ハピハピハッピー☆マイバースデー（サクラ）	3	1100	TRUE	スカーレットバタフライ		
SealId		ring6		APR6-028	アイプリバースロゼッション	タマキ		レッツ！アイプリ（タマキ）	3	1100	TRUE	ロゼッション		
SealId		ring6		APR6-029	アイプリバースレインボーキャンディ	アイリ		ネバギバラバー	3	1100	TRUE	レインボーキャンディ		
SealId		ring6		APR6-030	アイプリバースベアベアベア	リンリン		シンデレラのラララ	3	1100	TRUE	ベアベアベア		
SealId		ring6		APR6-031	アイプリバースラブマイミュージック	チィ		レッツ！アイプリ（チィ）	3	1100	TRUE	ラブマイミュージック		
SealId		ring6		APR6-032	アイプリバースフラワーマーチプリンセス	つむぎ（プリンセスver.）		ミライのプリンセス（つむぎ・リング）	3	1100	TRUE	フラワーマーチ		
SealId		ring6		APR6-033	アイプリバースキューティーカラットクール	じゅりあ		ときめきグラビティ	3	1100	TRUE	キューティーカラット		
SealId		ring6		APR6-034	アイプリバースキューティーカラットラブリー	える		わたしの大切にしてたこと	3	1100	TRUE	キューティーカラット		
SealId		ring6		APR6-035	アイプリバースフューチャースクールクール	すばる		どきどき きらめき バズリウム	3	1100	TRUE	フューチャースクール		
SealId		ring6		APR6-036	アイプリバースフューチャースクールラブリー	おとめ		アイプリバースメドレー3	3	1100	TRUE	フューチャースクール		
SealId		ring6		APR6-037	アイプリバースラブマイミュージックタイガー	ビビ		わいるど☆すたー（ビビ・チィ）	3	1100	TRUE	ラブマイミュージック		
SealId		ring6		APR6-038	アイプリバースプリンセスリング	リング		どきどき きらめき バズリウム	3	1100	TRUE	ラブマイミュージック		
SealId		ring6		APR6-039	ドーナツパティシエールレッド	ひまり		ひまりのひみつマイソング♪	3	1030	TRUE	ポッピンハート		
SealId		ring6		APR6-040	スターカウガールグリーン	みつき		レッツ！アイプリ（みつき）	3	1030	TRUE	ミラクルムーン		
SealId		ring6		APR6-041	リトルフェアリーイエロー	つむぎ		ヒカリノコトバ	3	1030	TRUE	フラワーマーチ		
SealId		ring6		APR6-042	メロディコーラスエレガント	タマキ		Stand Get Up	3	1120	TRUE	ロゼッション		
SealId		ring6		APR6-043	メロディコーラスエレガント	サクラ		レジェンド・ストーリー!!!!	3	1120	TRUE	ロゼッション		
SealId		ring6		APR6-044	チョコポップミント	アイリ		レジェンド・ストーリー!!!!	3	1180	TRUE	レインボーキャンディ		
SealId		ring6		APR6-045	チョコポップミント	リンリン		ネバギバラバー	3	1180	TRUE	レインボーキャンディ		
SealId		ring6		APR6-046	ロッキンスターピンク	チィ		チィのひみつマイソング♪	3	1150	TRUE	ラブマイミュージック		
SealId		ring6		APR6-047	シンデレラのラララ ひよりん コーデ	ひまり		シンデレラのラララ	3	1050		プリズムストーン		
SealId		ring6		APR6-048	シンデレラのラララ あきちゃん コーデ	みつき		シンデレラのラララ	3	1050		プリズムストーン		
SealId		ring6		APR6-049	シンデレラのラララ ひよりん コーデ	リング		シンデレラのラララ	3	1050		プリズムストーン		
SealId		ring6		APR6-050	シンデレラのラララ あきちゃん コーデ	つむぎ（プリンセスver.）		シンデレラのラララ	3	1050		プリズムストーン		
SealId		ring6		APR6-051	パラダイスがくえんせいふく２ねん	ひまり		パステルステップデイズ	2	1000	TRUE	プリズムストーン		
SealId		ring6		APR6-052	パラダイスがくえんせいふく２ねん	みつき		We're The World	2	1000	TRUE	プリズムストーン		
SealId		ring6		APR6-053	パラダイスがくえんせいふく１ねん	つむぎ		つむぎのひみつマイソング♪	2	1000	TRUE	プリズムストーン		
SealId		ring6		APR6-054	パラダイスがくえんせいふく３ねん	サクラ		Perfect☆STARs	2	1000	TRUE	プリズムストーン		
SealId		ring6		APR6-055	パラダイスがくえんせいふく３ねん	タマキ		レジェンド・ストーリー!!!!	2	1000	TRUE	プリズムストーン		
SealId		ring6		APR6-056	パラダイスがくえんせいふく３ねん	アイリ		アイリのひみつマイソング♪	2	1000	TRUE	プリズムストーン		
SealId		ring6		APR6-057	パラダイスがくえんせいふく３ねん	リンリン		レッツ！アイプリ（リンリン）	2	1000	TRUE	プリズムストーン		
SealId		ring6		APR6-058	パラダイスがくえんせいふく２ねん	チィ		わいるど☆すたー（ビビ・チィ）	2	1000	TRUE	プリズムストーン		
SealId		ring6		APR6-059	パラダイスがくえんせいふく１ねん	じゅりあ		どきどき きらめき バズリウム	2	1000	TRUE	プリズムストーン		
SealId		ring6		APR6-060	パラダイスがくえんせいふく１ねん	える		わたしの大切にしてたこと	2	1000	TRUE	プリズムストーン		
SealId		ring6		APR6-061	パラダイスがくえんせいふくすばる	すばる		レッツ！アイプリ（すばる）	2	1000	TRUE	フューチャースクール		
SealId		ring6		APR6-062	パラダイスがくえんせいふく２ねん	おとめ		シンデレラのラララ	2	1000	TRUE	プリズムストーン		
SealId		ring6		APR6-063	パラダイスがくえんせいふく１ねん	ビビ		アイプリバースメドレー3	2	1000	TRUE	プリズムストーン		
SealId		ring6		APR6M-001	エターナルアイプリ	ひまり（プリンセスver.）		キズナ×リンク（4人ver.）	4	1328		プリンセスリング		
SealId		ring6		APR6M-002	エターナルアイプリ	みつき（プリンセスver.）		キズナ×リンク（4人ver.）	4	1328		プリンセスリング		
SealId		ring6		APR6M-003	エターナルフラワールミナスフローラ	つむぎ（プリンセスver.）		キズナ×リンク（4人ver.）	4	1328		フラワーマーチ		
SealId		ring6		APR6M-004	エターナルフラワールミナスフローラ	リング		キズナ×リンク（4人ver.）	4	1328		プリンセスリング		
SealId		ring6		APR6M-005	エターナルアイプリ	ひまり（プリンセスver.）		キズナ×リンク（4人ver.）	4	1328		プリンセスリング		
SealId		ring6		APR6M-006	エターナルアイプリ	みつき（プリンセスver.）		キズナ×リンク（4人ver.）	4	1328		プリンセスリング		
SealId			101	G1-001	ポッピンハートバズリウムミント	ひまり		P.O.P.P.Y	4	730	TRUE	ポッピンハート		
SealId			102	G1-002	ぷるるんゼリーメロン	みつき		シークレット・ドリーム	4	710	TRUE	ミラクルムーン		
SealId			103	G1-003	ぷるるんゼリーメロン	ひまり		P.O.P.P.Y	4	690	TRUE	ミラクルムーン		
SealId			104	G1-004	ぷるるんゼリーメロン	サクラ		ぜんりょくじょしりょくかくめい！	4	700	TRUE	ミラクルムーン		
SealId			105	G1-005	ゴージャスビジューイエロー	サクラ		レッツ！アイプリ（サクラ）	3	560	TRUE	スカーレットバタフライ		
SealId			106	G1-006	ゴージャスビジューイエロー	ひまり		ぜんりょくじょしりょくかくめい！	3	530	TRUE	スカーレットバタフライ		
SealId			107	G1-007	ゴージャスビジューイエロー	みつき		みつきのひみつマイソング♪	3	530	TRUE	スカーレットバタフライ		
SealId			108	G1-008	アイプリバースミラクルムーングレー	みつき		レッツ！アイプリ（みつき）	3	510	TRUE	ミラクルムーン		
SealId			109	G1-009	アイプリバースミラクルムーングレー	ひまり		ひまりのひみつマイソング♪	3	490	TRUE	ミラクルムーン		
SealId			110	G1-010	アイプリバースミラクルムーングレー	サクラ		レッツ！アイプリ（サクラ）	3	500	TRUE	ミラクルムーン		
SealId			111	G1-011	ハッピーチアシックブルー	ひまり		レッツ！アイプリ（ひまり）	2	440	TRUE	ポッピンハート		
SealId			112	G1-012	ハッピーチアシックブルー	みつき		ぜんりょくじょしりょくかくめい！	2	420	TRUE	ポッピンハート		
SealId			113	G1-013	クールアイドルネイビーピンク	サクラ		ぜんりょくじょしりょくかくめい！	2	450	TRUE	スカーレットバタフライ		
SealId			114	G1-014	クールアイドルネイビーピンク	ひまり		P.O.P.P.Y	2	400	TRUE	スカーレットバタフライ		
SealId			1	G2-001	ゴシックベアパープル	サクラ		Stand Get Up	4	840	TRUE	ロゼッション		
SealId			2	G2-002	ゴシックベアパープル	タマキ		Perfect☆STARs	4	850	TRUE	ロゼッション		
SealId			3	G2-003	ゴシックベアパープル	リンリン		ネバギバラバー	4	840	TRUE	ロゼッション		
SealId			4	G2-004	ゴシックベアパープル	アイリ		Perfect☆STARs	4	840	TRUE	ロゼッション		
SealId			6	G2-006	スターカウガールブラウン	みつき		ムテキDUOエナジー	3	730	TRUE	ミラクルムーン		
SealId			7	G2-007	スターカウガールブラウン	アイリ		ネバギバラバー	3	710	TRUE	ミラクルムーン		
SealId			8	G2-008	スターカウガールブラウン	サクラ		Stand Get Up	3	710	TRUE	ミラクルムーン		
SealId			9	G2-009	ハーバリウムピンク	ひまり		We're The World	3	740	TRUE	フラワーマーチ		
SealId			10	G2-010	ハーバリウムピンク	みつき		We're The World	3	700	TRUE	フラワーマーチ		
SealId			11	G2-011	ハーバリウムピンク	つむぎ		We're The World	3	700	TRUE	フラワーマーチ		
SealId			12	G2-012	ラブリーアイドルピンク	つむぎ		ヒカリノコトバ	2	580	TRUE	ポッピンハート		
SealId			13	G2-013	クールアイドルパープル	ひまり		P.O.P.P.Y	2	600	TRUE	ラブマイミュージック		
SealId			14	G2-014	チューリップイエロー	みつき		シークレット・ドリーム	2	590	TRUE	フラワーマーチ		
SealId		gumi		G3-001	ギフトリボン	リンリン		Perfect☆STARs	4		TRUE			
SealId		gumi		G3-002	ギフトリボン	ひまり		ムテキDUOエナジー	4		TRUE			
SealId		gumi		G3-003	ギフトリボン	みつき		We're The World	4		TRUE			
SealId		gumi		G3-004	ギフトリボン	アイリ		ネバギバラバー	4		TRUE			
SealId		gumi		G3-006	あめぽつぽつゆうやけオレンジ	みつき		ムテキDUOエナジー	3		TRUE			
SealId		gumi		G3-007	あめぽつぽつゆうやけオレンジ	ひまり		パステルステップデイズ	3		TRUE			
SealId		gumi		G3-008	あめぽつぽつゆうやけオレンジ	つむぎ		We're The World	3		TRUE			
SealId		gumi		G3-009	パンキッシュペンギンレッド	チィ		GIRA GIRA STAR	3		TRUE			
SealId		gumi		G3-010	パンキッシュペンギンレッド	サクラ		Stand Get Up	3		TRUE			
SealId		gumi		G3-011	パンキッシュペンギンレッド	アイリ		Perfect☆STARs	3		TRUE			
SealId		gumi		G3-012	ファンタジースノー	リンリン		ネバギバラバー	2		TRUE			
SealId		gumi		G3-013	クールアイドルナチュラル	タマキ		Perfect☆STARs	2		TRUE			
SealId		gumi		G3-014	つむぎのアイムゥ	チィ		GIRA GIRA STAR	2		TRUE			
SealId		gumi		G4-001	インフルブルームあじさいブルー	みつき		キズナ×リンク	4		TRUE			
SealId		gumi		G4-002	インフルブルームあじさいブルー	ひまり		Ring Ring Ring feat. ひまり	4		TRUE			
SealId		gumi		G4-003	インフルブルームあじさいブルー	じゅりあ		ときめきグラビティ	4		TRUE			
SealId		gumi		G4-005	ジュエルバズリウムルビーイエロー	つむぎ		We're The World	4		TRUE			
SealId		gumi		G4-006	うらないしピンク	ひまり		キズナ×リンク	3		TRUE			
SealId		gumi		G4-007	うらないしピンク	みつき		ムテキDUOエナジー	3		TRUE			
SealId		gumi		G4-008	アイプリバースラブマイミュージックイエロー	チィ		ひみつのふ・ふ・ふ・	3		TRUE			
SealId		gumi		G4-009	アイプリバースラブマイミュージックイエロー	つむぎ		Ring Ring Ring feat. ひまり	3		TRUE			
SealId		gumi		G4-010	アイスクリームオレンジ	じゅりあ		超Easy Drive☆	3		TRUE			
SealId		gumi		G4-011	アイスクリームオレンジ	える		ときめきグラビティ	3		TRUE			
SealId		gumi		G4-012	ハッピーチアブルー	ひまり		We're The World	2		TRUE			
SealId		gumi		G4-013	サクラのアイムゥ	タマキ		Stand Get Up	2		TRUE			
SealId		gumi		G4-014	アイリのアイムゥ	リンリン		ネバギバラバー	2		TRUE			
SealId		gumi		G5-001	ほしぞらのまほうつかいブルー	おとめ		ココロ・アストロノーツ	4		TRUE			
SealId		gumi		G5-002	ほしぞらのまほうつかいブルー	ひまり		キズナ×リンク	4		TRUE			
SealId		gumi		G5-003	ほしぞらのまほうつかいブルー	みつき		レッツ！アイプリ（ひまり・みつき）	4		TRUE			
SealId		gumi		G5-005	アニマルバズリウムパンサービビッド	チィ		わいるど☆すたー（ビビ・チィ）	4		TRUE			
SealId		gumi		G5-006	アイプリバースロゼッションレッド	タマキ		Stand Get Up	3		TRUE			
SealId		gumi		G5-007	アイプリバースロゼッションレッド	サクラ		Perfect☆STARs	3		TRUE			
SealId		gumi		G5-008	ハートメロディゴールドシルバー	じゅりあ		ときめきグラビティ	3		TRUE			
SealId		gumi		G5-009	ハートメロディゴールドシルバー	える		わたしの大切にしてたこと	3		TRUE			
SealId		gumi		G5-010	おえかきパレットやんちゃブルー	アイリ		ネバギバラバー	3		TRUE			
SealId		gumi		G5-011	おえかきパレットやんちゃブルー	リンリン		レッツ！アイプリ（リンリン）	3		TRUE			
SealId		gumi		G5-012	ぽんぽんすずらんピンク	つむぎ		We're The World	3		TRUE			
SealId		gumi		G5-013	ぽんぽんすずらんピンク	ひまり		パステルステップデイズ	3		TRUE			
SealId		gumi		G5-014	ぽんぽんすずらんピンク	みつき		キズナ×リンク	3		TRUE			
SealId		special		P-001	きらきらくらげレッド	みつき		We're The World						
SealId				P-002	アイプリバースポッピンハート	ひまり		ぜんりょくじょしりょくかくめい！		550	TRUE	ポッピンハート		
SealId				P-003	アイプリバースミラクルムーン	みつき		みつきのひみつマイソング♪		550	TRUE	ミラクルムーン		
SealId				P-004	スターパーティーミントベリー	ひまり		P.O.P.P.Y		550	TRUE	ポッピンハート		
SealId				P-005	スターメロディパッション	みつき		シークレット・ドリーム		550	TRUE	ミラクルムーン		
SealId				P-006	キューティーラビットレッド	ひまり		P.O.P.P.Y	4	670	TRUE	ポッピンハート		
SealId				P-021	フラワーチュールオレンジブーケ	ひまり		ムテキDUOエナジー		650	TRUE	ポッピンハート		
SealId				P-022	ローズグランプリノーブルブルー	サクラ		Stand Get Up		770	TRUE	スカーレットバタフライ		
SealId		special		P-023	アイスブラウニークレープ	みつき		ぜんりょくじょしりょくかくめい！						
SealId				P-024	フレッシュレモンミント	ひまり		ムテキDUOエナジー		700	TRUE	ポッピンハート		
SealId		special		P-026	ミラクルムーンバズリウム	みつき		シークレット・ドリーム						
SealId		special		P-027	マーメイドグランプリパープル	ひまり		We're The World						
SealId		special		P-028	ミルキーウェイピンク	みつき		We're The World						
SealId		special		P-029	ポムポムプリン パーティー	つむぎ		ヒカリノコトバ						
SealId		special		P-031	カワイイくまさんゆめかわ	リンリン		ネバギバラバー						
SealId		special		P-033	リトルフェアリーブルー	つむぎ		We're The World						
SealId		special		P-036	ポッピンハートバズリウム	ひまり		ムテキDUOエナジー						
SealId		special		P-036P_O	ポッピンハートバズリウム	ひまり		ムテキDUOエナジー						
SealId		special		P-037	ミラクルムーンバズリウム	みつき								
SealId		special		P-037P_O	ミラクルムーンバズリウム	みつき		ムテキDUOエナジー						
SealId		special		P-038	フレッシュレモンゆめかわ	みつき		ぜんりょくじょしりょくかくめい！						
SealId		special		P-039	ポッピンハートバズリウム	ひまり		ぜんりょくじょしりょくかくめい！						
SealId		special		P-041	ピタTガール	ひまり		オシャレまじょラブandベリー						
SealId		special		P-042	ポッピンハートバズリウムブルー	みつき		ムテキDUOエナジー						
SealId		special		P-043	ミラクルムーンバズリウムピンク	ひまり		ムテキDUOエナジー						
SealId		special		P-044	フラワーマーチバズリウム	つむぎ		We're The World						
SealId		special		P-045	スカーレットバタフライバズリウム	サクラ		Perfect☆STARs						
SealId		special		P-046	フェザーグランプリクールピンク	サクラ		Perfect☆STARs						
SealId		special		P-047	カワイイあめちゃんげんきオレンジ	アイリ		ネバギバラバー						
SealId		special		P-062	マジシャンキャットイエロー	つむぎ		We're The World						
SealId		special		P-063	おしょうがつミント	みつき		We're The World						
SealId		special		P-064	アイプリバースポッピンハート	ひまり		We're The World						
SealId		special		P-065	フラワーマーチバズリウム	つむぎ（プリンセスver.）		We're The World						
SealId		special		P-066	オーロラスノーグランプリプレミアム	つむぎ（プリンセスver.）		きらめきのうた						
SealId		special		P-067	パンキッシュペンギンホワイト	チィ		GIRA GIRA STAR						
SealId		special		P-068	おとぎばなししらゆきひめホワイト	つむぎ（プリンセスver.）		きらめきのうた						
SealId		special		P-069	おとぎばなしワンダーランドピンク	みつき								
SealId		special		P-071	カルテットスターバズリウムハートピンク	ひまり		ムテキDUOエナジー						
SealId		special		P-073	フラワーマーチバズリウムブルー	みつき		We're The World						
SealId		special		P-089	ポッピンハートバズリウム	ひまり		We're The World						
SealId		special		P-090	バレンタインレターパープル	みつき		We're The World						
SealId		special		P-091	シークレットフレンズ∞バズリウムピュアホワイト	つむぎ		We're The World						
SealId		special		P-092	ポッピンハートバズリウムシークレットフレンズ	ひまり		きらめきのうた（ひまり・みつき・つむぎ）						
SealId		special		P-096	フラワーマーチプリンセスバズリウムピンク	ひまり		We're The World						
SealId		special		P-097	キューティーラビット	ひまり		キズナ×リンク						
SealId		special		P-098	マジシャンキャット	みつき								
SealId		special		P-099	ドーナツパティシエールパープル	チィ		Ring Ring Ring feat. ひまり						
SealId		special		P-100	ロマンスルージュピンク	じゅりあ		ときめきグラビティ						
SealId		special		P-101	ガーリーピアノピンク	ひまり		キズナ×リンク						
SealId		special		P-102	ベリキューデニムラブパープル	える		ときめきグラビティ						
SealId		special		P-103	ぴょんぴょんうさぎ	ひまり		Ring Ring Ring feat. ひまり						
SealId		special		P-104	ときせん ひとちゃん コーデ	ひまり		ひみつのふ・ふ・ふ・						
SealId		special		P-105	ときせん かなみん コーデ	みつき		ひみつのふ・ふ・ふ・						
SealId		special		P-106	シークレットフレンズ∞バズリウムブルー	みつき								
SealId		special		P-107	ぴょんぴょんうさぎファンシー	ひまり								
SealId		special		P-109	ゆめみるリカちゃんホワイトドレス	ひまり		Ring Ring Ring feat. ひまり						
SealId		special		P-110	リカちゃんシャイニングブルードレス	みつき		キズナ×リンク						
SealId		special		P-111	リカちゃんフラワードレス	つむぎ（プリンセスver.）		きらめきのうた（ひまり・みつき・つむぎ）						
SealId		special		P-112	ハートメロディ	かほちー		We're The World						
SealId		special		P-113	スターメロディ	あと		We're The World						
SealId		special		P-114	クローバーメロディ	わかな		We're The World						
SealId		special		P-115	ときせん あきちゃん コーデ	つむぎ		ひみつのふ・ふ・ふ・						
SealId		special		P-116	ときせん おはる コーデ	チィ		ひみつのふ・ふ・ふ・						
SealId		special		P-117	ときせん ジュリ コーデ	じゅりあ		ひみつのふ・ふ・ふ・						
SealId		special		P-118	ときせん ひよりん コーデ	える		ひみつのふ・ふ・ふ・						
SealId		special		P-120	ぴょんぴょんうさぎファンシー	ひまり								
SealId		special		P-121	ぴょんぴょんうさぎファンシー	ひまり								
SealId		special		P-136	マイメロディ なかよし	ひまり		パステルステップデイズ						
SealId		special		P-137	クロミ パーティー	チィ		GIRA GIRA STAR						
SealId		special		P-139	アイドルチェッククールモカベージュ	すばる		ココロ・アストロノーツ						
SealId		special		P-140	スペースダイナーミント	おとめ		ココロ・アストロノーツ						
SealId		special		P-142	わんわん アリ・リオ コーデ	ひまり		キズナ×リンク						
SealId		special		P-143	エターナルジュエルブルーピンク	える		ときめきグラビティ						
SealId		special		P-144	エターナルジュエルブルーピンク	じゅりあ		ときめきグラビティ						
SealId		special		P-145	ミラクルムーンバズリウムシークレットフレンズ∞	みつき		We're The World						
SealId		special		P-146	プリうさおでかけブルー	みつき		We're The World						
SealId		memorial		P-147	ポッピンハートバズリウム	ひまり		パステルステップデイズ						
SealId		memorial		P-148	ミラクルムーンバズリウム	みつき		We're The World						
SealId		memorial		P-149	フラワーマーチバズリウム	つむぎ		きらめきのうた（ひまり・みつき・つむぎ）						
SealId		memorial		P-150	スカーレットバタフライバズリウム	サクラ		Stand Get Up						
SealId		memorial		P-151	ロゼッションバズリウム	タマキ		Stand Get Up						
SealId		memorial		P-152	レインボーキャンディバズリウム	アイリ		ネバギバラバー						
SealId		memorial		P-153	ベアベアベアバズリウム	リンリン		ネバギバラバー						
SealId		memorial		P-154	ラブマイミュージックバズリウム	チィ		GIRA GIRA STAR						
SealId		memorial		P-155	アイプリバースポッピンハート	ひまり		P.O.P.P.Y						
SealId		memorial		P-156	アイプリバースミラクルムーン	みつき		シークレット・ドリーム						
SealId		memorial		P-157	アイプリバースフラワーマーチ	つむぎ		ヒカリノコトバ						
SealId		memorial		P-158	アイプリバーススカーレットバタフライ	サクラ		Perfect☆STARs						
SealId		memorial		P-159	アイプリバースロゼッション	タマキ		Perfect☆STARs						
SealId		memorial		P-160	アイプリバースレインボーキャンディ	アイリ		Perfect☆STARs						
SealId		memorial		P-161	アイプリバースベアベアベア	リンリン		Perfect☆STARs						
SealId		memorial		P-162	アイプリバースラブマイミュージック	チィ		チィのひみつマイソング♪						
SealId		memorial		P-163	アイプリバースフラワーマーチプリンセス	つむぎ（プリンセスver.）		きらめきのうた（ひまり・みつき・つむぎ）						
SealId		memorial		P-164	パラダイスがくえんせいふく１ねん	ひまり		レッツ！アイプリ（ひまり）						
SealId		memorial		P-165	パラダイスがくえんせいふく１ねん	みつき		レッツ！アイプリ（みつき）						
SealId		memorial		P-166	パラダイスがくえんせいふく２ねん	サクラ		レッツ！アイプリ（サクラ）						
SealId		memorial		P-167	パラダイスがくえんせいふく２ねん	タマキ		レッツ！アイプリ（タマキ）						
SealId		memorial		P-168	パラダイスがくえんせいふく２ねん	アイリ		レッツ！アイプリ（アイリ）						
SealId		memorial		P-169	パラダイスがくえんせいふく２ねん	リンリン		レッツ！アイプリ（リンリン）						
SealId		memorial		P-170	パラダイスがくえんせいふく１ねん	チィ		レッツ！アイプリ（チィ）						
SealId		special		P-171	【おしのこ】 アイ コーデ	ひまり		キズナ×リンク						
SealId		special		P-172	【おしのこ】 アイ コーデ	みつき		キズナ×リンク						
SealId		special		P-175	アニマルロックピンク	ビビ		わいるど☆すたー（ビビ・チィ）						
SealId		special		P-176	スポーティバレエコアブルー	みつき		ぴかぴかマイストーリー						
SealId		special		P-177	エターナルスペースジャンピンロケットラブリーパープル	おとめ		ココロ・アストロノーツ						
SealId		special		P-178	エターナルスペースジャンピンロケットクールレッド	すばる		Piece Of Dream						
SealId		special		P-180	てんしなえびてん だいすきコーデ	ひまり		キズナ×リンク						
SealId		special		P-181	フラワーマーチバズリウムシークレットフレンズ∞	つむぎ		We're The World						
SealId		special		P-185	ジュエルバズリウムルビー	ひまり		ムテキDUOエナジー						
SealId		special		P-186	ジュエルバズリウムサファイア	みつき		レッツ！アイプリ（ひまり・みつき）						
SealId		special		P-190	ジュエルバズリウムルビー	ひまり		ムテキDUOエナジー						
SealId		special		P-191	ジュエルバズリウムサファイア	みつき		レッツ！アイプリ（ひまり・みつき）						
SealId		special		P-192	フラワーマーチプリンセスバズリウム	つむぎ（プリンセスver.）		きらめきのうた（ひまり・みつき・つむぎ）						
SealId		special		P-193	フラワーマーチプリンセスバズリウムブルー	みつき		We're The World						
SealId		special		P-209	ゴシックベアパープル	タマキ		Perfect☆STARs						
SealId		special		P-210	おとぎばなしシンデレラグリーン	つむぎ		ミライのプリンセス（つむぎ・リング）						
SealId		special		P-211	エターナルアニマルビビアンチィフローラ	ビビ		わいるど☆すたー（ビビ）						
SealId		special		P-212	エターナルアニマルビビアンチィフローラ	チィ		わいるど☆すたー（ビビ・チィ）						
SealId		special		P-214	おとぎばなしシンデレラ	リング		ミライのプリンセス（リング）						
SealId		special		P-215	カラフルシャインレッド	つむぎ								
SealId		special		P-216	フラワーバズリウムカンパニュラピンク	リング		ミライのプリンセス（つむぎ・リング）						
SealId		special		P-219	アイプリバースプリンセスリング	リング								
SealId		special		P-220	ミラクルハロウィンピンク	ひまり		パステルステップデイズ						
SealId		special		P-221	フラワーマーチプリンセスバズリウム	つむぎ		きらめきのうた（ひまり・みつき・つむぎ）						
SealId		special		P-224	ひみつのクリスマスイエロー	ひまり		We're The World			TRUE			
SealId		special		P-227	おとめざみつきブルー	みつき		ムテキDUOエナジー			TRUE			
SealId		special		P-228	カルテットレジェンドピンク	ひまり		どきどき きらめき バズリウム			TRUE			
SealId				TOY-000	レインボースカイ	ひまり		P.O.P.P.Y		680		ポッピンハート		
SealId				TOY-001	パティシエストロベリー	ひまり		P.O.P.P.Y		550	TRUE	ポッピンハート		
SealId				TOY-002	ギンガムチェックチェリー	ひまり		P.O.P.P.Y		500	TRUE	ポッピンハート		
SealId				TOY-003	スターリースカイ	みつき		シークレット・ドリーム		680		ミラクルムーン		
SealId				TOY-004	パティシエチョコミント	みつき		シークレット・ドリーム		550	TRUE	ミラクルムーン		
SealId				TOY-005	ギンガムチェックグレープ	みつき		シークレット・ドリーム		500	TRUE	ミラクルムーン		
SealId				TOY-006	ピンクジュエル	ひまり		P.O.P.P.Y		680	TRUE	ポッピンハート		
SealId				TOY-007	ブルージュエル	みつき		シークレット・ドリーム		680	TRUE	ミラクルムーン		
SealId		special		TOY-008	ネイルポリッシュラブリー	ひまり		P.O.P.P.Y						
SealId		special		TOY-009	ネイルポリッシュクール	みつき		シークレット・ドリーム						
SealId				TOY-010	ラブリーコスメ	ひまり		P.O.P.P.Y		620	TRUE	ポッピンハート		
SealId				TOY-011	クールコスメ	みつき		シークレット・ドリーム		620	TRUE	ミラクルムーン		
SealId				TOY-012	フラワーチュールローズ	ひまり		P.O.P.P.Y		580	TRUE	ポッピンハート		
SealId				TOY-013	フラワーチュールジャスミン	みつき		シークレット・ドリーム		580	TRUE	ミラクルムーン		
SealId		special		TOY-022	サニースカイ	つむぎ								
SealId		special		TOY-023	パティシエはちみつパンケーキ	つむぎ								
SealId		special		TOY-024	ギンガムチェックレモン	つむぎ								
SealId		special		TOY-025	イエローグリーンジュエル	つむぎ		ヒカリノコトバ						
SealId		special		TOY-026	ネイルポリッシュナチュラル	つむぎ		ヒカリノコトバ						
SealId		special		TOY-027	パッションコスメ	つむぎ		ヒカリノコトバ						
SealId		special		TOY-028	フラワーチュールすずらん	つむぎ		ヒカリノコトバ						
SealId		special		TOY-029	さわやかブルーシャボン	ひまり		ぜんりょくじょしりょくかくめい！						
SealId		special		TOY-030	オーシャンコスメパープル	ひまり		ぜんりょくじょしりょくかくめい！						
SealId		millefeui		TOY-031	にゃんにゃんロリータ	みつき								
SealId		millefeui		TOY-033	ウェルカムチェリーグリーン	つむぎ								
SealId		millefeui		TOY-034	ぽんぽんすずらんブルー	みつき								
SealId		millefeui		TOY-035	ことりメルヘンスカイ	ひまり								
SealId		millefeui		TOY-036	ローズプリンスシック	サクラ								
SealId		millefeui		TOY-037	ハッピーチアフレッシュ	ひまり								
SealId		millefeui		TOY-038	ゴシックマリン	タマキ								
SealId		special		TOY-039	シークレットフレンズ∞バズリウムパープル	ひまり		We're The World						
SealId		special		TOY-040	シークレットフレンズ∞バズリウムパープル	みつき		We're The World						
SealId		special		TOY-041	シークレットフレンズ∞バズリウムパープル	つむぎ		We're The World						
SealId		special		TOY-050	ウィンタースノー	ひまり		We're The World						
SealId		special		TOY-051	アイプリバースフラワーマーチプリンセス	つむぎ		ヒカリノコトバ						
SealId		special		TOY-052	バタフライマジックキュート	ひまり		We're The World						
SealId		special		TOY-053	ウィンターパープルバタフライ	みつき		We're The World						
SealId		special		TOY-054	フレンドスターグランプリパステル	ひまり		キズナ×リンク						
SealId		special		TOY-055	フレンドスターグランプリパステル	みつき		ムテキDUOエナジー						
SealId		special		TOY-056	フラワーペイント	ひまり								
SealId		special		TOY-057	フラワーペイント	みつき		キズナ×リンク						
SealId		special		TOY-058	ファンタジーハート	ひまり		キズナ×リンク						
SealId		special		TOY-059	ファンタジームーン	みつき		キズナ×リンク						
SealId		special		TOY-060	シャイニービジュー	ひまり		ムテキDUOエナジー						
SealId		special		TOY-061	シャイニービジュー	みつき		キズナ×リンク						
SealId		special		TOY-062	フレンチチェックブルー	ひまり								
SealId		special		TOY-063	フレンチチェックブルー	みつき		ムテキDUOエナジー						
SealId		special		TOY-064	ゆめみるリカちゃんピンクドレス	ひまり								
SealId		special		TOY-065	ゆめみるリカちゃんブルードレス	みつき								
SealId		special		TOY-066	フォーチュンコスメタロット	ひまり								
SealId		special		TOY-067	フォーチュンコスメタロット	みつき		キズナ×リンク						
SealId		millefeui		TOY-068	ロマンチックローズブルーム	ひまり								
SealId		millefeui		TOY-069	ロマンチックリボンリボン	ひまり								
SealId		millefeui		TOY-070	ベリキューデニムピンク	じゅりあ								
SealId		millefeui		TOY-071	アイプリバースミラクルムーンデニム	える								
SealId		millefeui		TOY-072	ふわもこかいじゅうミルキー	みつき								
SealId		millefeui		TOY-073	ティーパーティーはるかぜイエロー	つむぎ								
SealId		millefeui		TOY-074	スターカウガールブルー	みつき								
SealId		millefeui		TOY-075	パンキッシュペンギンパープル	チィ								
SealId		special		TOY-076	スクールチェックネイビー	みつき		キズナ×リンク						
SealId		special		TOY-077	スクールチェックネイビー	ひまり		ムテキDUOエナジー						
SealId		special		TOY-078	マイメロディ パーティー ひまりピンク	ひまり		Ring Ring Ring feat. ひまり						
SealId		special		TOY-079	クロミ パーティー みつきブルー	みつき		キズナ×リンク						
SealId		special		TOY-080	トゥインクルスター	ひまり		キズナ×リンク						
SealId		special		TOY-081	トゥインクルスター	みつき								
SealId		millefeui		TOY-082	フルーツソーダブルーベリー	みつき								
SealId		millefeui		TOY-083	フルーツソーダストロベリー	ひまり								
SealId		millefeui		TOY-084	カラフルキャンディブルー	おとめ								
SealId		millefeui		TOY-085	ひまわりサマークール	みつき								
SealId		millefeui		TOY-086	ミルキーウェイブラックピンク	じゅりあ								
SealId		millefeui		TOY-087	さわやかマリンパステル	える								
SealId		millefeui		TOY-088	たいようさんさんイエロー	つむぎ								
SealId		millefeui		TOY-089	たんけんかレッド	ビビ								
SealId		special		TOY-090	ファンタジーリング	リング		ミライのプリンセス（リング）						
SealId		special		TOY-091	ファンタジーリング	みつき								
SealId		millefeui		TOY-092	クラシカルピュアドールクローバー	つむぎ（プリンセスver.）								
SealId		millefeui		TOY-093	クラシカルピュアドール	リング								
SealId		millefeui		TOY-094	ゴーストハロウィンホワイト	チィ								
SealId		millefeui		TOY-095	あめぽつぽつあさやけピンク	みつき								
SealId		millefeui		TOY-096	ウィンタースノーアイスブルー	える								
SealId		millefeui		TOY-097	ポッピンマーチサーカス	じゅりあ								
SealId		millefeui		TOY-098	クラシックヴァイオリンドリーム	ひまり								
SealId		millefeui		TOY-099	いたずらモンスタービビッド	ビビ								
SealId	960	special		P-223	エターナルフラワールミナスフローラノーブル	つむぎ							https://aipri.jp/himitsu/card/img/special/P-223_O.webp	https://aipri.jp/himitsu/card/img/special/P-223_U.webp
SealId	961	special		P-222	エターナルフラワールミナスフローラノーブル	リング		ミライのプリンセス（リング）					https://aipri.jp/himitsu/card/img/special/P-222_O.webp	https://aipri.jp/himitsu/card/img/special/P-222_U.webp
SealId	962	special		P-229	メロディバズリウムアンサンブルミルキーブルー	みつき		ミラクル☆ツインスマイル					https://aipri.jp/himitsu/card/img/special/P-229_O.webp	https://aipri.jp/himitsu/card/img/special/P-229_U.webp
SealId	969	special		P-263	きらきらくらげオレンジ	みつき		キズナ×リンク					https://aipri.jp/himitsu/card/img/special/P-263_O.webp	https://aipri.jp/himitsu/card/img/special/P-263_U.webp
SealId	970	special		P-262	きらきらくらげオレンジ	ひまり		ミラクル☆ツインスマイル					https://aipri.jp/himitsu/card/img/special/P-262_O.webp	https://aipri.jp/himitsu/card/img/special/P-262_U.webp
SealId	971	gumi		G6-001	ゆきうさぎケープアイスブルー	ひまり		ミラクル☆ツインスマイル					https://aipri.jp/himitsu/card/img/gumi/G6-001_O.webp	https://aipri.jp/himitsu/card/img/gumi/G6-001_U.webp
SealId	972	gumi		G6-002	ゆきうさぎケープアイスブルー	みつき							https://aipri.jp/himitsu/card/img/gumi/G6-002_O.webp	https://aipri.jp/himitsu/card/img/gumi/G6-002_U.webp
SealId	973	gumi		G6-003	ゆきうさぎケープアイスブルー	リンリン		ネバギバラバー					https://aipri.jp/himitsu/card/img/gumi/G6-003_O.webp	https://aipri.jp/himitsu/card/img/gumi/G6-003_U.webp
SealId	974	gumi		G6-005	スペースバズリウムギャラクシーレッド	すばる		ココロ・アストロノーツ					https://aipri.jp/himitsu/card/img/gumi/G6-005_O.webp	https://aipri.jp/himitsu/card/img/gumi/G6-005_U.webp
SealId	975	gumi		G6-006	マジカルカラットゴールド	じゅりあ		ときめきグラビティ					https://aipri.jp/himitsu/card/img/gumi/G6-006_O.webp	https://aipri.jp/himitsu/card/img/gumi/G6-006_U.webp
SealId	976	gumi		G6-007	マジカルカラットゴールド	サクラ		Stand Get Up					https://aipri.jp/himitsu/card/img/gumi/G6-007_O.webp	https://aipri.jp/himitsu/card/img/gumi/G6-007_U.webp
SealId	977	gumi		G6-008	メロディコーラス	ビビ		わいるど☆すたー（ビビ）					https://aipri.jp/himitsu/card/img/gumi/G6-008_O.webp	https://aipri.jp/himitsu/card/img/gumi/G6-008_U.webp
SealId	978	gumi		G6-009	メロディコーラスクラシック	リング							https://aipri.jp/himitsu/card/img/gumi/G6-009_O.webp	https://aipri.jp/himitsu/card/img/gumi/G6-009_U.webp
SealId	979	gumi		G6-010	ティーパーティー	える		わたしの大切にしてたこと					https://aipri.jp/himitsu/card/img/gumi/G6-010_O.webp	https://aipri.jp/himitsu/card/img/gumi/G6-010_U.webp
SealId	980	gumi		G6-011	たんけんかオレンジ	チィ		わいるど☆すたー（ビビ・チィ）					https://aipri.jp/himitsu/card/img/gumi/G6-011_O.webp	https://aipri.jp/himitsu/card/img/gumi/G6-011_U.webp
SealId	981	gumi		G6-012	スターアイドルネイビー	おとめ		ココロ・アストロノーツ					https://aipri.jp/himitsu/card/img/gumi/G6-012_O.webp	https://aipri.jp/himitsu/card/img/gumi/G6-012_U.webp
SealId	982	gumi		G6-013	クラシックライブラリーパステル	タマキ		ニュースタージョーカー（リング編）					https://aipri.jp/himitsu/card/img/gumi/G6-013_O.webp	https://aipri.jp/himitsu/card/img/gumi/G6-013_U.webp
SealId	983	gumi		G6-014	ロッキンスター	アイリ		レジェンド・ストーリー!!!!					https://aipri.jp/himitsu/card/img/gumi/G6-014_O.webp	https://aipri.jp/himitsu/card/img/gumi/G6-014_U.webp
SealId	984	special		P-231	エターナルジュエルシークレットフレンズ∞	みつき		ミラクル☆ツインスマイル					https://aipri.jp/himitsu/card/img/special/P-231_O.webp	https://aipri.jp/himitsu/card/img/special/P-231_U.webp
SealId	985	special		P-269	プリンセスバズリウムハートイエロー	つむぎ		We're The World					https://aipri.jp/himitsu/card/img/special/P-269_O.webp	https://aipri.jp/himitsu/card/img/special/P-269_U.webp
SealId	1049	special		P-273	ジュエルバズリウムサファイア	みつき		ミラクル☆ツインスマイル					https://aipri.jp/himitsu/card/img/special/P-273_O.webp	https://aipri.jp/himitsu/card/img/special/P-273_U.webp
SealId	1050	special		P-272	ジュエルバズリウムルビー	ひまり		ミラクル☆ツインスマイル					https://aipri.jp/himitsu/card/img/special/P-272_O.webp	https://aipri.jp/himitsu/card/img/special/P-272_U.webp
SealId	1051	special		P-270	プリンセスバズリウムムーンミルキーパープル	リング		ミライのプリンセス（つむぎ・リング）					https://aipri.jp/himitsu/card/img/special/P-270_O.webp	https://aipri.jp/himitsu/card/img/special/P-270_U.webp
SealId	1052	special		P-266	プリンセスアイプリバズリウムブルー	みつき		きらめきのうた（ひまり・みつき・つむぎ）					https://aipri.jp/himitsu/card/img/special/P-266_O.webp	https://aipri.jp/himitsu/card/img/special/P-266_U.webp
SealId	1053	special		P-265	プリンセスアイプリバズリウムピンク	ひまり		ミラクル☆ツインスマイル					https://aipri.jp/himitsu/card/img/special/P-265_O.webp	https://aipri.jp/himitsu/card/img/special/P-265_U.webp
SealId	1060	special		P-256	ゆうじょうさくらツイン　グリーン	つむぎ							https://aipri.jp/himitsu/card/img/special/P-256_O.webp	
SealId	1061	special		P-271	プリンセスバズリウムポッピンドリーミン	みつき		キズナ×リンク					https://aipri.jp/himitsu/card/img/special/P-271_O.webp	https://aipri.jp/himitsu/card/img/special/P-271_U.webp
SealId	1062	special		P-264	フラワーバズリウムコスモスピンク	ひまり							https://aipri.jp/himitsu/card/img/special/P-264_O.webp	https://aipri.jp/himitsu/card/img/special/P-264_U.webp
SealId	1063	special		P-251	プリンセスアイプリバズリウム	みつき		キズナ×リンク（4人ver.）					https://aipri.jp/himitsu/card/img/special/P-251_O.webp	https://aipri.jp/himitsu/card/img/special/P-251_U.webp
SealId	1064	special		P-230	ロマンチックリボンリボンピュアホワイト	つむぎ							https://aipri.jp/himitsu/card/img/special/P-230_O.webp	https://aipri.jp/himitsu/card/img/special/P-230_U.webp
SealId	1065	special		P-213	スペシャルクリスマスピンク	リング							https://aipri.jp/himitsu/card/img/special/P-213_O.webp	https://aipri.jp/himitsu/card/img/special/P-213_U.webp
SealId	1066	special		P-257	ゆうじょうさくらツイン　パープル	ひまり							https://aipri.jp/himitsu/card/img/special/P-257_O.webp	
SealId	1067	oa1		OA1-001	すきすきハートバズリウム	いのり		トキメキ♡ジャンプ！	4				https://aipri.jp/card/img/oa1/OA1-001_O.webp	https://aipri.jp/card/img/oa1/OA1-001_U.webp
SealId	1068	oa1		OA1-002	すきすきハートバズリウム	いのり		おねがいアイプリ！	4				https://aipri.jp/card/img/oa1/OA1-002_O.webp	https://aipri.jp/card/img/oa1/OA1-002_U.webp
SealId	1069	oa1		OA1-003	ゆめゆめスターバズリウム	あおい		夢色ビリーバー	4				https://aipri.jp/card/img/oa1/OA1-003_O.webp	https://aipri.jp/card/img/oa1/OA1-003_U.webp
SealId	1070	oa1		OA1-004	ゆめゆめスターバズリウム	あおい		トキメキ♡ジャンプ！（いのり・あおい）	4				https://aipri.jp/card/img/oa1/OA1-004_O.webp	https://aipri.jp/card/img/oa1/OA1-004_U.webp
SealId	1071	oa1		OA1-005	ゆうじょうスイーツバズリウム	ぐみ		フレフレベストフレンズ	4				https://aipri.jp/card/img/oa1/OA1-005_O.webp	https://aipri.jp/card/img/oa1/OA1-005_U.webp
SealId	1072	oa1		OA1-006	トキメキトゥインクルピンク	いのり		トキメキ♡ジャンプ！（いのり・あおい）	4				https://aipri.jp/card/img/oa1/OA1-006_O.webp	https://aipri.jp/card/img/oa1/OA1-006_U.webp
SealId	1073	oa1		OA1-007	トキメキトゥインクルピンク	いのり		アイプリMyDream	4				https://aipri.jp/card/img/oa1/OA1-007_O.webp	https://aipri.jp/card/img/oa1/OA1-007_U.webp
SealId	1074	oa1		OA1-008	トキメキトゥインクルブルー	あおい		トキメキ♡ジャンプ！（いのり・あおい）	4				https://aipri.jp/card/img/oa1/OA1-008_O.webp	https://aipri.jp/card/img/oa1/OA1-008_U.webp
SealId	1075	oa1		OA1-009	トキメキトゥインクルブルー	あおい		おねがいアイプリ！	4				https://aipri.jp/card/img/oa1/OA1-009_O.webp	https://aipri.jp/card/img/oa1/OA1-009_U.webp
SealId	1076	oa1		OA1-010	リボンアイドルピンク	いのり		トキメキ♡ジャンプ！	4				https://aipri.jp/card/img/oa1/OA1-010_O.webp	https://aipri.jp/card/img/oa1/OA1-010_U.webp
SealId	1077	oa1		OA1-011	リボンアイドルブルー	あおい		トキメキ♡ジャンプ！（いのり・あおい）	4				https://aipri.jp/card/img/oa1/OA1-011_O.webp	https://aipri.jp/card/img/oa1/OA1-011_U.webp
SealId	1078	oa1		OA1-012	リボンアイドルグリーン	ぐみ		アイプリMyDream	4				https://aipri.jp/card/img/oa1/OA1-012_O.webp	https://aipri.jp/card/img/oa1/OA1-012_U.webp
SealId	1079	oa1		OA1-013	ふわふわキャット	いのり		放課後のおねがい！	4				https://aipri.jp/card/img/oa1/OA1-013_O.webp	https://aipri.jp/card/img/oa1/OA1-013_U.webp
SealId	1080	oa1		OA1-014	ふわふわキャット	あおい		トキメキ♡ジャンプ！（いのり・あおい）	4				https://aipri.jp/card/img/oa1/OA1-014_O.webp	https://aipri.jp/card/img/oa1/OA1-014_U.webp
SealId	1081	oa1		OA1-015	ほしのゆうびんやさん	あおい		夢色ビリーバー	4				https://aipri.jp/card/img/oa1/OA1-015_O.webp	https://aipri.jp/card/img/oa1/OA1-015_U.webp
SealId	1082	oa1		OA1-016	ほしのゆうびんやさん	いのり		夢色ビリーバー	4				https://aipri.jp/card/img/oa1/OA1-016_O.webp	https://aipri.jp/card/img/oa1/OA1-016_U.webp
SealId	1083	oa1		OA1-017	ほしのゆうびんやさん	ぐみ		フレフレベストフレンズ	4				https://aipri.jp/card/img/oa1/OA1-017_O.webp	https://aipri.jp/card/img/oa1/OA1-017_U.webp
SealId	1084	oa1		OA1-018	ポップンマシュマロ	ぐみ		フレフレベストフレンズ	4				https://aipri.jp/card/img/oa1/OA1-018_O.webp	https://aipri.jp/card/img/oa1/OA1-018_U.webp
SealId	1085	oa1		OA1-019	ポップンマシュマロ	いのり		トキメキ♡ジャンプ！（いのり・あおい）	4				https://aipri.jp/card/img/oa1/OA1-019_O.webp	https://aipri.jp/card/img/oa1/OA1-019_U.webp
SealId	1086	oa1		OA1-020	ゆうじょうさくらツイン　すきすきピンク	いのり		おねがいアイプリ！	4				https://aipri.jp/card/img/oa1/OA1-020_O.webp	https://aipri.jp/card/img/oa1/OA1-020_U.webp
SealId	1087	oa1		OA1-021	ゆうじょうさくらツイン　ゆめゆめブルー	あおい		おねがいアイプリ！	4				https://aipri.jp/card/img/oa1/OA1-021_O.webp	https://aipri.jp/card/img/oa1/OA1-021_U.webp
SealId	1088	oa1		OA1-022	アイプリすきすき	いのり		アイプリMyDream					https://aipri.jp/card/img/oa1/OA1-022_O.webp	https://aipri.jp/card/img/oa1/OA1-022_U.webp
SealId	1089	oa1		OA1-023	アイプリすきすき	いのり		放課後のおねがい！					https://aipri.jp/card/img/oa1/OA1-023_O.webp	https://aipri.jp/card/img/oa1/OA1-023_U.webp
SealId	1090	oa1		OA1-024	アイプリゆめゆめ	あおい		アイプリMyDream					https://aipri.jp/card/img/oa1/OA1-024_O.webp	https://aipri.jp/card/img/oa1/OA1-024_U.webp
SealId	1091	oa1		OA1-025	アイプリゆめゆめ	あおい		夢色ビリーバー					https://aipri.jp/card/img/oa1/OA1-025_O.webp	https://aipri.jp/card/img/oa1/OA1-025_U.webp
SealId	1092	oa1		OA1-026	アイプリゆうじょう	ぐみ		おねがいアイプリ！					https://aipri.jp/card/img/oa1/OA1-026_O.webp	https://aipri.jp/card/img/oa1/OA1-026_U.webp
SealId	1093	oa1		OA1-027	ラブリーマーガレット	いのり		トキメキ♡ジャンプ！					https://aipri.jp/card/img/oa1/OA1-027_O.webp	https://aipri.jp/card/img/oa1/OA1-027_U.webp
SealId	1094	oa1		OA1-028	ラブリーマーガレット	あおい		おねがいアイプリ！					https://aipri.jp/card/img/oa1/OA1-028_O.webp	https://aipri.jp/card/img/oa1/OA1-028_U.webp
SealId	1095	oa1		OA1-029	ラブリーマーガレット	ぐみ		アイプリMyDream					https://aipri.jp/card/img/oa1/OA1-029_O.webp	https://aipri.jp/card/img/oa1/OA1-029_U.webp
SealId	1096	oa1		OA1-030	やきたてクッキー	あおい		夢色ビリーバー					https://aipri.jp/card/img/oa1/OA1-030_O.webp	https://aipri.jp/card/img/oa1/OA1-030_U.webp
SealId	1097	oa1		OA1-031	やきたてクッキー	いのり		おねがいアイプリ！					https://aipri.jp/card/img/oa1/OA1-031_O.webp	https://aipri.jp/card/img/oa1/OA1-031_U.webp
SealId	1098	oa1		OA1-032	やきたてクッキーココア	ぐみ		フレフレベストフレンズ					https://aipri.jp/card/img/oa1/OA1-032_O.webp	https://aipri.jp/card/img/oa1/OA1-032_U.webp
SealId	1099	oa1		OA1-033	メロンソーダ	ぐみ		おねがいアイプリ！					https://aipri.jp/card/img/oa1/OA1-033_O.webp	https://aipri.jp/card/img/oa1/OA1-033_U.webp
SealId	1100	oa1		OA1-034	メロンソーダ	いのり		トキメキ♡ジャンプ！					https://aipri.jp/card/img/oa1/OA1-034_O.webp	https://aipri.jp/card/img/oa1/OA1-034_U.webp
SealId	1101	oa1		OA1-035	メロンソーダ	あおい		トキメキ♡ジャンプ！（いのり・あおい）					https://aipri.jp/card/img/oa1/OA1-035_O.webp	https://aipri.jp/card/img/oa1/OA1-035_U.webp
SealId	1102	oa1		OA1-036	アイスクリーム	ぐみ		フレフレベストフレンズ					https://aipri.jp/card/img/oa1/OA1-036_O.webp	https://aipri.jp/card/img/oa1/OA1-036_U.webp
SealId	1103	oa1		OA1-037	アイスクリーム	いのり		放課後のおねがい！					https://aipri.jp/card/img/oa1/OA1-037_O.webp	https://aipri.jp/card/img/oa1/OA1-037_U.webp
SealId	1104	oa1		OA1-038	ひらめきたんていクラシック	あおい		夢色ビリーバー					https://aipri.jp/card/img/oa1/OA1-038_O.webp	https://aipri.jp/card/img/oa1/OA1-038_U.webp
SealId	1105	oa1		OA1-039	ひらめきたんていクラシック	いのり		放課後のおねがい！					https://aipri.jp/card/img/oa1/OA1-039_O.webp	https://aipri.jp/card/img/oa1/OA1-039_U.webp
SealId	1106	oa1		OA1-040	ハニービー	あおい		放課後のおねがい！					https://aipri.jp/card/img/oa1/OA1-040_O.webp	https://aipri.jp/card/img/oa1/OA1-040_U.webp
SealId	1107	oa1		OA1-041	ハニービー	ぐみ		フレフレベストフレンズ					https://aipri.jp/card/img/oa1/OA1-041_O.webp	https://aipri.jp/card/img/oa1/OA1-041_U.webp
SealId	1108	oa1		OA1-042	パステルマカロンオレンジ	いのり		トキメキ♡ジャンプ！					https://aipri.jp/card/img/oa1/OA1-042_O.webp	https://aipri.jp/card/img/oa1/OA1-042_U.webp
SealId	1109	oa1		OA1-043	パステルマカロンオレンジ	あおい		トキメキ♡ジャンプ！（いのり・あおい）					https://aipri.jp/card/img/oa1/OA1-043_O.webp	https://aipri.jp/card/img/oa1/OA1-043_U.webp
SealId	1110	oa1		OA1-044	しなこワールド	いのり		おねがいアイプリ！					https://aipri.jp/card/img/oa1/OA1-044_O.webp	https://aipri.jp/card/img/oa1/OA1-044_U.webp
SealId	1111	oa1		OA1-045	しなこワールド	あおい		放課後のおねがい！					https://aipri.jp/card/img/oa1/OA1-045_O.webp	https://aipri.jp/card/img/oa1/OA1-045_U.webp
SealId	1112	oa1		OA1-046	おねがいちゅうがくせいふく	いのり		おねがいアイプリ！					https://aipri.jp/card/img/oa1/OA1-046_O.webp	https://aipri.jp/card/img/oa1/OA1-046_U.webp
SealId	1113	oa1		OA1-047	おねがいちゅうがくせいふく	あおい		おねがいアイプリ！					https://aipri.jp/card/img/oa1/OA1-047_O.webp	https://aipri.jp/card/img/oa1/OA1-047_U.webp
SealId	1114	oa1		OA1-048	おねがいちゅうがくせいふく	ぐみ		おねがいアイプリ！					https://aipri.jp/card/img/oa1/OA1-048_O.webp	https://aipri.jp/card/img/oa1/OA1-048_U.webp
SealId	1115	oa1		OA1-049	ガーリーニット	いのり		トキメキ♡ジャンプ！					https://aipri.jp/card/img/oa1/OA1-049_O.webp	https://aipri.jp/card/img/oa1/OA1-049_U.webp
SealId	1116	oa1		OA1-050	ガーリーニットホワイト	あおい		放課後のおねがい！					https://aipri.jp/card/img/oa1/OA1-050_O.webp	https://aipri.jp/card/img/oa1/OA1-050_U.webp
SealId	1117	oa1		OA1-051	ガーリーニットイエロー	ぐみ		アイプリMyDream					https://aipri.jp/card/img/oa1/OA1-051_O.webp	https://aipri.jp/card/img/oa1/OA1-051_U.webp
SealId	1118	oa1		OA1-052	チェックセットアップピンク	いのり		放課後のおねがい！					https://aipri.jp/card/img/oa1/OA1-052_O.webp	https://aipri.jp/card/img/oa1/OA1-052_U.webp
SealId	1119	oa1		OA1-053	チェックセットアップピンク	あおい		夢色ビリーバー					https://aipri.jp/card/img/oa1/OA1-053_O.webp	https://aipri.jp/card/img/oa1/OA1-053_U.webp
SealId	1120	oa1		OA1-054	ツートンジャケット	ぐみ		フレフレベストフレンズ					https://aipri.jp/card/img/oa1/OA1-054_O.webp	https://aipri.jp/card/img/oa1/OA1-054_U.webp
SealId	1121	special		OP-014	すきのクリスタルいのりピンク	いのり		放課後のおねがい！					https://aipri.jp/card/img/special/OP-014_O.webp	https://aipri.jp/card/img/special/OP-014_U.webp
SealId	1122	special		OTOY-015	プリズムハートパープル	あおい		トキメキ♡ジャンプ！（いのり・あおい）					https://aipri.jp/card/img/special/OTOY-015_O.webp	https://aipri.jp/card/img/special/OTOY-015_U.webp
SealId	1123	special		OTOY-005	リボンアイドルパステル	あおい		夢色ビリーバー					https://aipri.jp/card/img/special/OTOY-005_O.webp	https://aipri.jp/card/img/special/OTOY-005_U.webp
SealId	1124	special		OTOY-004	リボンアイドルパステル	いのり		トキメキ♡ジャンプ！（いのり・あおい）					https://aipri.jp/card/img/special/OTOY-004_O.webp	https://aipri.jp/card/img/special/OTOY-004_U.webp
SealId	1125	special		OTOY-003	アイプリゆめゆめブルー	あおい		トキメキ♡ジャンプ！（いのり・あおい）					https://aipri.jp/card/img/special/OTOY-003_O.webp	https://aipri.jp/card/img/special/OTOY-003_U.webp
SealId	1126	special		OTOY-002	アイプリすきすきレッド	いのり		トキメキ♡ジャンプ！					https://aipri.jp/card/img/special/OTOY-002_O.webp	https://aipri.jp/card/img/special/OTOY-002_U.webp
SealId	1127	special		OTOY-001	プリズムハートブルー	あおい		夢色ビリーバー					https://aipri.jp/card/img/special/OTOY-001_O.webp	https://aipri.jp/card/img/special/OTOY-001_U.webp
SealId	1128	special		OTOY-000	プリズムハートピンク	いのり		トキメキ♡ジャンプ！					https://aipri.jp/card/img/special/OTOY-000_O.webp	https://aipri.jp/card/img/special/OTOY-000_U.webp
SealId	1129	gumi		OG1-001	リボンバレリーナオーロラピンク	あおい		夢色ビリーバー	4		TRUE		https://aipri.jp/card/img/gumi/OG1-001_O.webp	https://aipri.jp/card/img/gumi/OG1-001_U.webp
SealId	1130	gumi		OG1-002	リボンバレリーナオーロラピンク	いのり		放課後のおねがい！	4		TRUE		https://aipri.jp/card/img/gumi/OG1-002_O.webp	https://aipri.jp/card/img/gumi/OG1-002_U.webp
SealId	1131	gumi		OG1-003	リボンバレリーナオーロラピンク	ぐみ		フレフレベストフレンズ	4		TRUE		https://aipri.jp/card/img/gumi/OG1-003_O.webp	https://aipri.jp/card/img/gumi/OG1-003_U.webp
SealId	1132	gumi		OG1-005	すきすきハートバズリウムパープル	いのり		放課後のおねがい！	4		TRUE		https://aipri.jp/card/img/gumi/OG1-005_O.webp	https://aipri.jp/card/img/gumi/OG1-005_U.webp
SealId	1133	gumi		OG1-006	ブルーソーダ	ぐみ		フレフレベストフレンズ	3		TRUE		https://aipri.jp/card/img/gumi/OG1-006_O.webp	https://aipri.jp/card/img/gumi/OG1-006_U.webp
SealId	1134	gumi		OG1-007	ブルーソーダ	いのり		アイプリMyDream	3		TRUE		https://aipri.jp/card/img/gumi/OG1-007_O.webp	https://aipri.jp/card/img/gumi/OG1-007_U.webp
SealId	1135	gumi		OG1-008	ブルーソーダ	あおい		トキメキ♡ジャンプ！（いのり・あおい）	3		TRUE		https://aipri.jp/card/img/gumi/OG1-008_O.webp	https://aipri.jp/card/img/gumi/OG1-008_U.webp
SealId	1136	gumi		OG1-009	いたずらモンスター	ぐみ		おねがいアイプリ！	3		TRUE		https://aipri.jp/card/img/gumi/OG1-009_O.webp	https://aipri.jp/card/img/gumi/OG1-009_U.webp
SealId	1137	gumi		OG1-010	いたずらモンスター	あおい		夢色ビリーバー	3				https://aipri.jp/card/img/gumi/OG1-010_O.webp	https://aipri.jp/card/img/gumi/OG1-010_U.webp
SealId	1138	gumi		OG1-011	ローズプリンス	あおい		放課後のおねがい！	3		TRUE		https://aipri.jp/card/img/gumi/OG1-011_O.webp	https://aipri.jp/card/img/gumi/OG1-011_U.webp
SealId	1139	gumi		OG1-012	ローズプリンス	いのり		トキメキ♡ジャンプ！	3		TRUE		https://aipri.jp/card/img/gumi/OG1-012_O.webp	https://aipri.jp/card/img/gumi/OG1-012_U.webp
SealId	1140	gumi		OG1-013	リトルプリンセス	いのり		放課後のおねがい！	3		TRUE		https://aipri.jp/card/img/gumi/OG1-013_O.webp	https://aipri.jp/card/img/gumi/OG1-013_U.webp
SealId	1141	gumi		OG1-014	リトルプリンセス	あおい		アイプリMyDream	3		TRUE		https://aipri.jp/card/img/gumi/OG1-014_O.webp	https://aipri.jp/card/img/gumi/OG1-014_U.webp
SealId	1142	millefeui		OM1-001	ハピネスキューピッド	いのり		放課後のおねがい！					https://aipri.jp/card/img/millefeui/OM1-001_O.webp	https://aipri.jp/card/img/millefeui/OM1-001_U.webp
SealId	1143	millefeui		OM1-002	ハピネスバタフライ	あおい		夢色ビリーバー					https://aipri.jp/card/img/millefeui/OM1-002_O.webp	https://aipri.jp/card/img/millefeui/OM1-002_U.webp
SealId	1144	millefeui		OM1-003	アニマルロックミント	ぐみ							https://aipri.jp/card/img/millefeui/OM1-003_O.webp	https://aipri.jp/card/img/millefeui/OM1-003_U.webp
SealId	1145	millefeui		OM1-004	フラワーエプロングリーン	ぐみ		おねがいアイプリ！					https://aipri.jp/card/img/millefeui/OM1-004_O.webp	https://aipri.jp/card/img/millefeui/OM1-004_U.webp
SealId	1146	millefeui		OM1-005	にゃんにゃんロリータブルー	あおい		トキメキ♡ジャンプ！（いのり・あおい）					https://aipri.jp/card/img/millefeui/OM1-005_O.webp	https://aipri.jp/card/img/millefeui/OM1-005_U.webp
SealId	1147	millefeui		OM1-006	うさぎぬいぐるみオレンジ	いのり		トキメキ♡ジャンプ！					https://aipri.jp/card/img/millefeui/OM1-006_O.webp	https://aipri.jp/card/img/millefeui/OM1-006_U.webp
SealId	1148	millefeui		OM1-007	レディーフライトピンク	いのり		おねがいアイプリ！					https://aipri.jp/card/img/millefeui/OM1-007_O.webp	https://aipri.jp/card/img/millefeui/OM1-007_U.webp
SealId	1149	millefeui		OM1-008	アイプリバースフューチャースクールクールパープル	あおい		夢色ビリーバー					https://aipri.jp/card/img/millefeui/OM1-008_O.webp	https://aipri.jp/card/img/millefeui/OM1-008_U.webp
SealId	1150	special		OP-022	すきすきハートバズリウム	いのり		放課後のおねがい！					https://aipri.jp/card/img/special/OP-022_O.webp	https://aipri.jp/card/img/special/OP-022_U.webp
SealId	1151	special		OP-015	ほしのゆうびんやさんイエロー	あおい		おねがいアイプリ！					https://aipri.jp/card/img/special/OP-015_O.webp	https://aipri.jp/card/img/special/OP-015_U.webp
SealId	1152	special		OP-020	ラブリーマーガレットイエロー	いのり							https://aipri.jp/card/img/special/OP-020_O.webp	https://aipri.jp/card/img/special/OP-020_U.webp
SealId	1153	special		OP-018	トキメキトゥインクルグリーン	ぐみ		フレフレベストフレンズ					https://aipri.jp/card/img/special/OP-018_O.webp	https://aipri.jp/card/img/special/OP-018_U.webp
SealId	1154	oa1		OA1M-001	バルーンフェスピンク	いのり		トキメキ♡ジャンプ！	4				https://aipri.jp/card/img/oa1/OA1M-001_O.webp	https://aipri.jp/card/img/oa1/OA1M-001_U.webp
SealId	1155	oa1		OA1M-002	バルーンフェスブルー	あおい		夢色ビリーバー	4				https://aipri.jp/card/img/oa1/OA1M-002_O.webp	https://aipri.jp/card/img/oa1/OA1M-002_U.webp
SealId	1156	oa1		OA1M-003	バルーンフェスグリーン	ぐみ		フレフレベストフレンズ	4				https://aipri.jp/card/img/oa1/OA1M-003_O.webp	https://aipri.jp/card/img/oa1/OA1M-003_U.webp
SealId	1157	special		OP-021	やきたてクッキーいちごミルク	あおい		アイプリMyDream					https://aipri.jp/card/img/special/OP-021_O.webp	https://aipri.jp/card/img/special/OP-021_U.webp
SealId	1158	special		OP-033	おねがいパティシエール ハローキティ	いのり		なかよしParty!					https://aipri.jp/card/img/special/OP-033_O.webp	https://aipri.jp/card/img/special/OP-033_U.webp
SealId	1159	special		OP-032	おねがいパティシエール ポムポムプリン	おりびあ							https://aipri.jp/card/img/special/OP-032_O.webp	https://aipri.jp/card/img/special/OP-032_U.webp
SealId	1160	oa2		OA2-001	ゆうきのフラワーバズリウム	おりびあ		勇気のはばたきサイン	4				https://aipri.jp/card/img/oa2/OA2-001_O.webp	https://aipri.jp/card/img/oa2/OA2-001_U.webp
SealId	1161	oa2		OA2-002	すきすきハートバズリウム	いのり		放課後のおねがい！	4				https://aipri.jp/card/img/oa2/OA2-002_O.webp	https://aipri.jp/card/img/oa2/OA2-002_U.webp
SealId	1162	oa2		OA2-003	ゆめゆめスターバズリウム	あおい		夢色ビリーバー（あおい・ぐみ）	4				https://aipri.jp/card/img/oa2/OA2-003_O.webp	https://aipri.jp/card/img/oa2/OA2-003_U.webp
SealId	1163	oa2		OA2-004	ゆうじょうスイーツバズリウム	ぐみ		フレフレベストフレンズ（ぐみ・おりびあ）	4				https://aipri.jp/card/img/oa2/OA2-004_O.webp	https://aipri.jp/card/img/oa2/OA2-004_U.webp
SealId	1164	oa2		OA2-005	ビリーブマーチブルー	あおい		夢色ビリーバー（あおい・ぐみ）	4				https://aipri.jp/card/img/oa2/OA2-005_O.webp	https://aipri.jp/card/img/oa2/OA2-005_U.webp
SealId	1165	oa2		OA2-006	ビリーブマーチグリーン	ぐみ		夢色ビリーバー（あおい・ぐみ）	4				https://aipri.jp/card/img/oa2/OA2-006_O.webp	https://aipri.jp/card/img/oa2/OA2-006_U.webp
SealId	1166	oa2		OA2-007	シールぺったんチアグリーン	ぐみ		フレフレベストフレンズ（ぐみ・おりびあ）	4				https://aipri.jp/card/img/oa2/OA2-007_O.webp	https://aipri.jp/card/img/oa2/OA2-007_U.webp
SealId	1167	oa2		OA2-008	シールぺったんチアイエロー	おりびあ		フレフレベストフレンズ（ぐみ・おりびあ）	4				https://aipri.jp/card/img/oa2/OA2-008_O.webp	https://aipri.jp/card/img/oa2/OA2-008_U.webp
SealId	1168	oa2		OA2-009	キャンディポップ	ぐみ		フレフレベストフレンズ	4				https://aipri.jp/card/img/oa2/OA2-009_O.webp	https://aipri.jp/card/img/oa2/OA2-009_U.webp
SealId	1169	oa2		OA2-010	キャンディポップ	あおい		おねがいアイプリ！	4				https://aipri.jp/card/img/oa2/OA2-010_O.webp	https://aipri.jp/card/img/oa2/OA2-010_U.webp
SealId	1170	oa2		OA2-011	キャンディポップ	いのり		トキメキ♡ジャンプ！	4				https://aipri.jp/card/img/oa2/OA2-011_O.webp	https://aipri.jp/card/img/oa2/OA2-011_U.webp
SealId	1171	oa2		OA2-012	キャンディポップ	おりびあ		放課後のおねがい！	4				https://aipri.jp/card/img/oa2/OA2-012_O.webp	https://aipri.jp/card/img/oa2/OA2-012_U.webp
SealId	1172	oa2		OA2-013	ゆめかわレインボー	あおい		夢色ビリーバー（あおい・ぐみ）	4				https://aipri.jp/card/img/oa2/OA2-013_O.webp	https://aipri.jp/card/img/oa2/OA2-013_U.webp
SealId	1173	oa2		OA2-014	ゆめかわレインボー	いのり		トキメキ♡ジャンプ！（いのり・あおい）	4				https://aipri.jp/card/img/oa2/OA2-014_O.webp	https://aipri.jp/card/img/oa2/OA2-014_U.webp
SealId	1174	oa2		OA2-015	ゆめかわレインボー	ぐみ		おねがいアイプリ！	4				https://aipri.jp/card/img/oa2/OA2-015_O.webp	https://aipri.jp/card/img/oa2/OA2-015_U.webp
SealId	1175	oa2		OA2-016	リボンアイドルイエロー	おりびあ		勇気のはばたきサイン	4				https://aipri.jp/card/img/oa2/OA2-016_O.webp	https://aipri.jp/card/img/oa2/OA2-016_U.webp
SealId	1176	oa2		OA2-017	リボンアイドルピンク	いのり		おねがいアイプリ！	4				https://aipri.jp/card/img/oa2/OA2-017_O.webp	https://aipri.jp/card/img/oa2/OA2-017_U.webp
SealId	1177	oa2		OA2-018	ガーデンラビット	おりびあ		勇気のはばたきサイン	4				https://aipri.jp/card/img/oa2/OA2-018_O.webp	https://aipri.jp/card/img/oa2/OA2-018_U.webp
SealId	1178	oa2		OA2-019	ガーデンラビット	いのり		放課後のおねがい！	4				https://aipri.jp/card/img/oa2/OA2-019_O.webp	https://aipri.jp/card/img/oa2/OA2-019_U.webp
SealId	1179	oa2		OA2-020	ガーデンラビット	あおい		夢色ビリーバー	4				https://aipri.jp/card/img/oa2/OA2-020_O.webp	https://aipri.jp/card/img/oa2/OA2-020_U.webp
SealId	1180	oa2		OA2-021	ガーデンラビット	ぐみ		フレフレベストフレンズ（ぐみ・おりびあ）	4				https://aipri.jp/card/img/oa2/OA2-021_O.webp	https://aipri.jp/card/img/oa2/OA2-021_U.webp
SealId	1181	oa2		OA2-022	ハッピーバースデー！ピンク	いのり		ハピハピハッピー☆マイバースデー おねがいバージョン	4				https://aipri.jp/card/img/oa2/OA2-022_O.webp	https://aipri.jp/card/img/oa2/OA2-022_U.webp
SealId	1182	oa2		OA2-023	アイプリすきすき	いのり		なかよしParty!					https://aipri.jp/card/img/oa2/OA2-023_O.webp	https://aipri.jp/card/img/oa2/OA2-023_U.webp
SealId	1183	oa2		OA2-024	アイプリゆめゆめ	あおい		なかよしParty!					https://aipri.jp/card/img/oa2/OA2-024_O.webp	https://aipri.jp/card/img/oa2/OA2-024_U.webp
SealId	1184	oa2		OA2-025	アイプリゆうじょう	ぐみ		なかよしParty!					https://aipri.jp/card/img/oa2/OA2-025_O.webp	https://aipri.jp/card/img/oa2/OA2-025_U.webp
SealId	1185	oa2		OA2-026	アイプリゆうき	おりびあ		なかよしParty!					https://aipri.jp/card/img/oa2/OA2-026_O.webp	https://aipri.jp/card/img/oa2/OA2-026_U.webp
SealId	1186	oa2		OA2-027	たなばたおねがい	いのり		放課後のおねがい！					https://aipri.jp/card/img/oa2/OA2-027_O.webp	https://aipri.jp/card/img/oa2/OA2-027_U.webp
SealId	1187	oa2		OA2-028	たなばたおねがい	ぐみ		夢色ビリーバー（あおい・ぐみ）					https://aipri.jp/card/img/oa2/OA2-028_O.webp	https://aipri.jp/card/img/oa2/OA2-028_U.webp
SealId	1188	oa2		OA2-029	たなばたおねがい	あおい		夢色ビリーバー					https://aipri.jp/card/img/oa2/OA2-029_O.webp	https://aipri.jp/card/img/oa2/OA2-029_U.webp
SealId	1189	oa2		OA2-030	たなばたおねがい	おりびあ		フレフレベストフレンズ（ぐみ・おりびあ）					https://aipri.jp/card/img/oa2/OA2-030_O.webp	https://aipri.jp/card/img/oa2/OA2-030_U.webp
SealId	1190	oa2		OA2-031	ポッピンマーチピンク	ぐみ		フレフレベストフレンズ（ぐみ・おりびあ）					https://aipri.jp/card/img/oa2/OA2-031_O.webp	https://aipri.jp/card/img/oa2/OA2-031_U.webp
SealId	1191	oa2		OA2-032	クラシックヴァイオリンブルー	あおい		アイプリMyDream					https://aipri.jp/card/img/oa2/OA2-032_O.webp	https://aipri.jp/card/img/oa2/OA2-032_U.webp
SealId	1192	oa2		OA2-033	ふっくらパン	おりびあ		アイプリMyDream					https://aipri.jp/card/img/oa2/OA2-033_O.webp	https://aipri.jp/card/img/oa2/OA2-033_U.webp
SealId	1193	oa2		OA2-034	ふっくらパン	いのり		おねがいアイプリ！					https://aipri.jp/card/img/oa2/OA2-034_O.webp	https://aipri.jp/card/img/oa2/OA2-034_U.webp
SealId	1194	oa2		OA2-035	ふっくらパン	あおい		夢色ビリーバー					https://aipri.jp/card/img/oa2/OA2-035_O.webp	https://aipri.jp/card/img/oa2/OA2-035_U.webp
SealId	1195	oa2		OA2-036	あめぽつぽつパープル	いのり		アイプリMyDream					https://aipri.jp/card/img/oa2/OA2-036_O.webp	https://aipri.jp/card/img/oa2/OA2-036_U.webp
SealId	1196	oa2		OA2-037	あめぽつぽつパープル	あおい		夢色ビリーバー（あおい・ぐみ）					https://aipri.jp/card/img/oa2/OA2-037_O.webp	https://aipri.jp/card/img/oa2/OA2-037_U.webp
SealId	1197	oa2		OA2-038	ひまわりサマーレッド	おりびあ		おねがいアイプリ！					https://aipri.jp/card/img/oa2/OA2-038_O.webp	https://aipri.jp/card/img/oa2/OA2-038_U.webp
SealId	1198	oa2		OA2-039	ワンダーランドブルー	いのり		放課後のおねがい！					https://aipri.jp/card/img/oa2/OA2-039_O.webp	https://aipri.jp/card/img/oa2/OA2-039_U.webp
SealId	1199	oa2		OA2-040	アメリカンダイナー	ぐみ		フレフレベストフレンズ（ぐみ・おりびあ）					https://aipri.jp/card/img/oa2/OA2-040_O.webp	https://aipri.jp/card/img/oa2/OA2-040_U.webp
SealId	1200	oa2		OA2-041	アメリカンダイナー	おりびあ		勇気のはばたきサイン					https://aipri.jp/card/img/oa2/OA2-041_O.webp	https://aipri.jp/card/img/oa2/OA2-041_U.webp
SealId	1201	oa2		OA2-042	おねがいパティシエール ハローキティ	いのり		なかよしParty!					https://aipri.jp/card/img/oa2/OA2-042_O.webp	https://aipri.jp/card/img/oa2/OA2-042_U.webp
SealId	1202	oa2		OA2-043	おねがいパティシエール シナモロール	あおい		なかよしParty!					https://aipri.jp/card/img/oa2/OA2-043_O.webp	https://aipri.jp/card/img/oa2/OA2-043_U.webp
SealId	1203	oa2		OA2-044	おねがいパティシエール けろけろけろっぴ	ぐみ		なかよしParty!					https://aipri.jp/card/img/oa2/OA2-044_O.webp	https://aipri.jp/card/img/oa2/OA2-044_U.webp
SealId	1204	oa2		OA2-045	おねがいパティシエール ポムポムプリン	おりびあ		なかよしParty!					https://aipri.jp/card/img/oa2/OA2-045_O.webp	https://aipri.jp/card/img/oa2/OA2-045_U.webp
SealId	1205	oa2		OA2-046	おねがいちゅうがくせいふく	いのり		アイプリMyDream					https://aipri.jp/card/img/oa2/OA2-046_O.webp	https://aipri.jp/card/img/oa2/OA2-046_U.webp
SealId	1206	oa2		OA2-047	おねがいちゅうがくせいふく	あおい		アイプリMyDream					https://aipri.jp/card/img/oa2/OA2-047_O.webp	https://aipri.jp/card/img/oa2/OA2-047_U.webp
SealId	1207	oa2		OA2-048	おねがいちゅうがくせいふく	ぐみ		放課後のおねがい！					https://aipri.jp/card/img/oa2/OA2-048_O.webp	https://aipri.jp/card/img/oa2/OA2-048_U.webp
SealId	1208	oa2		OA2-049	おねがいちゅうがくせいふく	おりびあ		放課後のおねがい！					https://aipri.jp/card/img/oa2/OA2-049_O.webp	https://aipri.jp/card/img/oa2/OA2-049_U.webp
SealId	1209	oa2		OA2-050	ワッペンデニム	あおい		なかよしParty!					https://aipri.jp/card/img/oa2/OA2-050_O.webp	https://aipri.jp/card/img/oa2/OA2-050_U.webp
SealId	1210	oa2		OA2-051	ワッペンデニム	ぐみ		フレフレベストフレンズ（ぐみ・おりびあ）					https://aipri.jp/card/img/oa2/OA2-051_O.webp	https://aipri.jp/card/img/oa2/OA2-051_U.webp
SealId	1211	oa2		OA2-052	ワッペンパーカー	ぐみ		なかよしParty!					https://aipri.jp/card/img/oa2/OA2-052_O.webp	https://aipri.jp/card/img/oa2/OA2-052_U.webp
SealId	1212	oa2		OA2-053	ワッペンパーカー	いのり		おねがいアイプリ！					https://aipri.jp/card/img/oa2/OA2-053_O.webp	https://aipri.jp/card/img/oa2/OA2-053_U.webp
SealId	1213	oa2		OA2-054	フレッシュフラワーピンク	いのり		なかよしParty!					https://aipri.jp/card/img/oa2/OA2-054_O.webp	https://aipri.jp/card/img/oa2/OA2-054_U.webp
SealId	1214	oa2		OA2-055	チューリップビタミンイエロー	おりびあ		勇気のはばたきサイン					https://aipri.jp/card/img/oa2/OA2-055_O.webp	https://aipri.jp/card/img/oa2/OA2-055_U.webp
SealId	1215	oa2		OA2-056	レトロガールカナリア	おりびあ		なかよしParty!					https://aipri.jp/card/img/oa2/OA2-056_O.webp	https://aipri.jp/card/img/oa2/OA2-056_U.webp
SealId	1216	oa2		OA2-057	アクティブダンスイエロー	あおい		夢色ビリーバー（あおい・ぐみ）					https://aipri.jp/card/img/oa2/OA2-057_O.webp	https://aipri.jp/card/img/oa2/OA2-057_U.webp
SealId	1217	special		OP-026	たなばたおねがいミント	あおい		放課後のおねがい！					https://aipri.jp/card/img/special/OP-026_O.webp	https://aipri.jp/card/img/special/OP-026_U.webp
SealId	1218	special		OP-025	シールぺったんチアホワイトブルー	あおい		夢色ビリーバー（あおい・ぐみ）					https://aipri.jp/card/img/special/OP-025_O.webp	https://aipri.jp/card/img/special/OP-025_U.webp
SealId	1219	special		OP-024	きらめきティアラリボン	あおい		夢色ビリーバー（あおい・ぐみ）					https://aipri.jp/card/img/special/OP-024_O.webp	https://aipri.jp/card/img/special/OP-024_U.webp
SealId	1220	special		OTOY-019	シナモロール なかよしドリーム	あおい		放課後のおねがい！					https://aipri.jp/card/img/special/OTOY-019_O.webp	https://aipri.jp/card/img/special/OTOY-019_U.webp
SealId	1221	special		OTOY-018	ハローキティ なかよしラブリー	いのり		おねがいアイプリ！					https://aipri.jp/card/img/special/OTOY-018_O.webp	https://aipri.jp/card/img/special/OTOY-018_U.webp
SealId	1222	special		OTOY-017	フォーチュおやすみ	あおい		アイプリMyDream					https://aipri.jp/card/img/special/OTOY-017_O.webp	https://aipri.jp/card/img/special/OTOY-017_U.webp
SealId	1223	special		OTOY-016	フォーチュおやすみ	いのり		放課後のおねがい！					https://aipri.jp/card/img/special/OTOY-016_O.webp	https://aipri.jp/card/img/special/OTOY-016_U.webp
SealId	1224	special		OTOY-014	きらめきティアラリボン	いのり		放課後のおねがい！					https://aipri.jp/card/img/special/OTOY-014_O.webp	https://aipri.jp/card/img/special/OTOY-014_U.webp
SealId	9200026	millefeui		TOY-042	おとぎばなしかぐやひめ	つむぎ		We're The World	4	860		クリスタルバース		
SealId	9200027	millefeui		TOY-043	おとぎばなしシンデレラピンク	ひまり		We're The World	4	860		クリスタルバース		
SealId	9200028	millefeui		TOY-044	おとぎばなしあかずきんブルー	みつき		We're The World	4	860		クリスタルバース	Cards/M3-003.jpg	
SealId	9200029	millefeui		TOY-045	アイプリバーススカーレットバタフライラブピンク	サクラ		Perfect☆STARs	3	770		スカーレットバタフライ		
SealId	9200030	millefeui		TOY-046	アイスクリームグレープ	チィ		GIRA GIRA STAR	3	720		レインボーキャンディ		
SealId	9200031	millefeui		TOY-047	ラブリ―アイドルグリーンオレンジ	アイリ		ネバギバラバー	2	680		レインボーキャンディ		
SealId	9200032	millefeui		TOY-048	セーラーカジュアルネイビーイエロー	タマキ		Stand Get Up	2	650		ロゼッション		
SealId	9200033	millefeui		TOY-049	チューリップレトロブラウン	リンリン		Perfect☆STARs	2	640		ベアベアベア		
